Année;Régions;Départements;Essence+Superéthanol;Electricité-Essence;Gazole;Essence-GPL;Electricité;Gazole-électricité;Autres et non détectés;Total
2011;Auvergne-Rhône-Alpes;Ain;121946;410;204179;1651;12;0;138;328336
2011;Auvergne-Rhône-Alpes;Allier;63665;114;113563;1061;8;0;22;178433
2011;Auvergne-Rhône-Alpes;Haute-Loire;35047;91;84359;930;2;0;27;120456
2011;Auvergne-Rhône-Alpes;Savoie;83682;319;149496;1760;8;0;61;235326
2011;Auvergne-Rhône-Alpes;Rhône;349385;1167;518104;5348;82;0;173;874259
2011;Auvergne-Rhône-Alpes;Ardèche;56597;148;111237;1262;11;0;30;169285
2011;Auvergne-Rhône-Alpes;Puy-de-Dôme;119061;379;215909;2201;23;0;60;337633
2011;Auvergne-Rhône-Alpes;Haute-Savoie;193041;866;259023;2889;18;0;129;455966
2011;Auvergne-Rhône-Alpes;Loire;130512;268;247911;2414;14;0;74;381193
2011;Auvergne-Rhône-Alpes;Drôme;93697;316;176683;2050;22;0;48;272816
2011;Auvergne-Rhône-Alpes;Cantal;22344;69;54209;457;3;0;11;77093
2011;Auvergne-Rhône-Alpes;Isère;257224;711;431524;5888;32;0;207;695586
2011;Bourgogne-Franche-Comté;Doubs;102894;219;189443;1742;32;0;45;294375
2011;Bourgogne-Franche-Comté;Côte-d'Or;100539;372;172022;1818;8;0;56;274815
2011;Bourgogne-Franche-Comté;Haute-Saône;38818;74;91329;689;14;0;21;130945
2011;Bourgogne-Franche-Comté;Yonne;57664;195;118850;1429;2;0;30;178170
2011;Bourgogne-Franche-Comté;Jura;47233;107;95426;1309;2;0;69;144146
2011;Bourgogne-Franche-Comté;Nièvre;38429;100;71146;685;1;0;57;110418
2011;Bourgogne-Franche-Comté;Saône-et-Loire;105705;275;185518;1794;13;0;71;293376
2011;Bourgogne-Franche-Comté;Territoire de Belfort;30267;39;42681;373;2;0;17;73379
2011;Bretagne;Ille-et-Vilaine;162678;472;325655;4090;20;0;33;492948
2011;Bretagne;Morbihan;126979;406;260238;2451;16;0;61;390151
2011;Bretagne;Côtes-d'Armor;98840;273;215613;2250;5;0;34;317015
2011;Bretagne;Finistère;166073;545;325673;2733;30;0;62;495116
2011;Centre-Val de Loire;Loir-et-Cher;58004;185;117329;1085;9;0;53;176665
2011;Centre-Val de Loire;Loiret;127065;409;222597;2311;32;0;76;352490
2011;Centre-Val de Loire;Indre-et-Loire;109648;413;182235;2426;23;0;58;294803
2011;Centre-Val de Loire;Eure-et-Loir;76237;218;155337;1585;39;0;33;233449
2011;Centre-Val de Loire;Indre;34444;143;79499;721;12;0;18;114837
2011;Centre-Val de Loire;Cher;54161;200;103548;684;19;0;67;158679
2011;Corse;Corse-du-Sud;43908;66;44385;396;3;0;15;88773
2011;Corse;Haute-Corse;40969;64;54773;377;1;0;17;96201
2011;Grand Est;Bas-Rhin;228285;860;353491;3215;62;0;286;586199
2011;Grand Est;Vosges;64964;139;139325;1586;9;0;42;206065
2011;Grand Est;Marne;140105;406;202125;1701;8;0;41;344386
2011;Grand Est;Meurthe-et-Moselle;135251;496;244648;2265;12;0;47;382719
2011;Grand Est;Haute-Marne;27541;66;64503;727;5;0;7;92849
2011;Grand Est;Meuse;28781;84;69176;564;1;0;13;98619
2011;Grand Est;Aube;51188;163;101161;917;5;0;20;153454
2011;Grand Est;Haut-Rhin;178989;582;239163;2100;17;0;94;420945
2011;Grand Est;Moselle;212600;542;372684;2336;36;0;88;588286
2011;Grand Est;Ardennes;40892;82;99779;1145;3;0;29;141930
2011;Hauts-de-France;Somme;82127;198;193671;1558;22;0;42;277618
2011;Hauts-de-France;Nord;410323;1368;838522;15332;85;0;264;1265894
2011;Hauts-de-France;Oise;193017;673;372075;2683;6;0;121;568575
2011;Hauts-de-France;Aisne;92546;198;198967;1751;7;0;32;293501
2011;Hauts-de-France;Pas-de-Calais;209371;537;482671;5486;27;0;72;698164
2011;Normandie;Eure;93941;289;206943;2006;10;0;52;303241
2011;Normandie;Orne;40806;171;100897;877;5;0;19;142775
2011;Normandie;Manche;75161;214;175454;2061;16;0;35;252941
2011;Normandie;Seine-Maritime;249085;491;437917;3815;16;0;87;691411
2011;Normandie;Calvados;117144;435;224239;3115;29;0;85;345047
2011;Nouvelle-Aquitaine;Landes;70666;245;151325;1908;1;0;38;224183
2011;Nouvelle-Aquitaine;Pyrénées-Atlantiques;136350;509;234706;2448;18;0;54;374085
2011;Nouvelle-Aquitaine;Dordogne;65439;335;147692;2056;8;0;56;215586
2011;Nouvelle-Aquitaine;Vienne;68997;277;144366;1881;19;0;58;215598
2011;Nouvelle-Aquitaine;Gironde;289821;1085;502455;6808;277;0;179;800625
2011;Nouvelle-Aquitaine;Deux-Sèvres;78992;274;159320;1737;22;0;36;240381
2011;Nouvelle-Aquitaine;Haute-Vienne;68935;238;123916;968;4;0;34;194095
2011;Nouvelle-Aquitaine;Creuse;17958;56;44061;334;0;0;3;62412
2011;Nouvelle-Aquitaine;Corrèze;43914;130;88564;800;3;0;26;133437
2011;Nouvelle-Aquitaine;Lot-et-Garonne;50441;176;124798;1354;5;0;43;176817
2011;Nouvelle-Aquitaine;Charente;55665;180;125769;1167;14;0;21;182816
2011;Nouvelle-Aquitaine;Charente-Maritime;112518;597;217683;2850;130;0;72;333850
2011;Occitanie;Hérault;212042;764;359713;3833;16;0;118;576486
2011;Occitanie;Pyrénées-Orientales;91101;261;150269;1146;15;0;30;242822
2011;Occitanie;Tarn;61429;190;138078;1666;9;0;31;201403
2011;Occitanie;Ariège;22577;109;56755;854;4;0;35;80334
2011;Occitanie;Gard;138341;472;251043;2771;12;0;63;392702
2011;Occitanie;Aveyron;40397;110;107152;883;6;0;32;148580
2011;Occitanie;Haute-Garonne;233756;934;428258;5410;17;0;171;668546
2011;Occitanie;Lot;27764;126;64106;760;3;0;18;92777
2011;Occitanie;Aude;58675;205;126808;1089;7;0;36;186820
2011;Occitanie;Tarn-et-Garonne;34897;109;93240;1239;4;0;23;129512
2011;Occitanie;Hautes-Pyrénées;40150;96;83218;1249;4;0;31;124748
2011;Occitanie;Gers;26665;121;75624;863;4;0;18;103295
2011;Occitanie;Lozère;10943;24;31205;227;2;0;8;42409
2011;Pays de la Loire;Vendée;109971;563;238077;2100;19;0;41;350771
2011;Pays de la Loire;Mayenne;43386;106;109081;1670;6;0;10;154259
2011;Pays de la Loire;Sarthe;95400;367;178236;2717;19;0;50;276789
2011;Pays de la Loire;Maine-et-Loire;127039;461;252639;3135;41;0;47;383362
2011;Pays de la Loire;Loire-Atlantique;253906;851;420496;5656;31;0;118;681058
2011;Provence-Alpes-Côte d'Azur;Alpes-Maritimes;315665;1273;291483;3241;32;0;235;611929
2011;Provence-Alpes-Côte d'Azur;Vaucluse;110740;492;202886;2498;9;0;65;316690
2011;Provence-Alpes-Côte d'Azur;Bouches-du-Rhône;415036;1390;635981;6982;46;0;177;1059612
2011;Provence-Alpes-Côte d'Azur;Hautes-Alpes;25652;135;50253;830;2;0;19;76891
2011;Provence-Alpes-Côte d'Azur;Alpes-de-Haute-Provence;30895;127;57848;794;0;0;18;89682
2011;Provence-Alpes-Côte d'Azur;Var;259651;942;331946;3649;18;0;160;596366
2011;Île-de-France;Essonne;262285;1234;363663;4418;40;0;127;631767
2011;Île-de-France;Val-d'Oise;235836;924;327051;3969;55;0;104;567939
2011;Île-de-France;Seine-et-Marne;245911;1617;427666;4946;23;0;141;680304
2011;Île-de-France;Seine-Saint-Denis;215094;873;308838;3541;94;0;137;528577
2011;Île-de-France;Paris;365072;2748;325872;4077;247;0;245;698261
2011;Île-de-France;Hauts-de-Seine;341680;2531;414463;3125;228;0;197;762224
2011;Île-de-France;Val-de-Marne;266584;1092;275643;3326;63;0;97;546805
2011;Île-de-France;Yvelines;371000;1603;448788;4844;182;0;198;826615
2012;Auvergne-Rhône-Alpes;Ain;115414;548;214281;1634;22;0;137;332036
2012;Auvergne-Rhône-Alpes;Allier;58597;155;116457;1035;15;0;18;176277
2012;Auvergne-Rhône-Alpes;Haute-Loire;32480;104;86254;940;5;0;25;119808
2012;Auvergne-Rhône-Alpes;Savoie;78996;391;155943;1726;11;0;65;237132
2012;Auvergne-Rhône-Alpes;Rhône;327699;1479;537061;5465;125;0;174;872003
2012;Auvergne-Rhône-Alpes;Ardèche;52661;191;114965;1260;12;0;28;169117
2012;Auvergne-Rhône-Alpes;Puy-de-Dôme;110757;469;223275;2211;26;0;62;336800
2012;Auvergne-Rhône-Alpes;Haute-Savoie;184659;1178;275088;2932;26;0;112;463995
2012;Auvergne-Rhône-Alpes;Loire;121992;320;256079;2426;19;0;92;380928
2012;Auvergne-Rhône-Alpes;Drôme;88261;407;183856;2101;40;0;52;274717
2012;Auvergne-Rhône-Alpes;Cantal;20773;84;55055;450;5;0;9;76376
2012;Auvergne-Rhône-Alpes;Isère;239577;892;447456;5911;51;0;214;694101
2012;Bourgogne-Franche-Comté;Doubs;97588;329;196236;1764;40;413;42;296412
2012;Bourgogne-Franche-Comté;Côte-d'Or;94248;482;177686;1778;22;0;54;274270
2012;Bourgogne-Franche-Comté;Haute-Saône;36057;98;93655;702;22;0;21;130555
2012;Bourgogne-Franche-Comté;Yonne;53338;232;121852;1412;7;0;31;176872
2012;Bourgogne-Franche-Comté;Jura;43245;127;97831;1318;8;0;72;142601
2012;Bourgogne-Franche-Comté;Nièvre;35528;124;73107;664;5;0;54;109482
2012;Bourgogne-Franche-Comté;Saône-et-Loire;97222;338;190694;1793;14;0;73;290134
2012;Bourgogne-Franche-Comté;Territoire de Belfort;28537;65;44596;398;2;0;14;73612
2012;Bretagne;Ille-et-Vilaine;153485;610;337883;3975;37;0;38;496028
2012;Bretagne;Morbihan;118457;546;268662;2410;23;0;52;390150
2012;Bretagne;Côtes-d'Armor;91506;326;221172;2155;14;0;32;315205
2012;Bretagne;Finistère;155589;677;335063;2725;33;0;61;494148
2012;Centre-Val de Loire;Loir-et-Cher;53836;229;119462;1070;12;0;46;174655
2012;Centre-Val de Loire;Loiret;117911;542;230184;2285;37;0;68;351027
2012;Centre-Val de Loire;Indre-et-Loire;103408;542;188851;2423;31;0;58;295313
2012;Centre-Val de Loire;Eure-et-Loir;70940;259;160281;1583;39;26;27;233155
2012;Centre-Val de Loire;Indre;31473;211;81017;725;14;0;18;113458
2012;Centre-Val de Loire;Cher;49938;251;106303;686;23;0;66;157267
2012;Corse;Corse-du-Sud;41355;76;45992;397;7;0;15;87842
2012;Corse;Haute-Corse;39004;84;55937;377;7;0;12;95421
2012;Grand Est;Bas-Rhin;212872;1101;368118;3148;92;0;261;585592
2012;Grand Est;Vosges;60046;175;142596;1566;14;0;38;204435
2012;Grand Est;Marne;127902;500;206433;1688;17;0;44;336584
2012;Grand Est;Meurthe-et-Moselle;126005;614;252657;2281;23;0;48;381628
2012;Grand Est;Haute-Marne;25316;77;65842;725;7;0;6;91973
2012;Grand Est;Meuse;26494;105;70795;571;6;0;11;97982
2012;Grand Est;Aube;47839;198;104344;944;4;0;20;153349
2012;Grand Est;Haut-Rhin;168465;738;249704;2076;36;0;103;421122
2012;Grand Est;Moselle;195527;687;385211;2340;69;0;74;583908
2012;Grand Est;Ardennes;37799;107;102331;1138;5;0;32;141412
2012;Hauts-de-France;Somme;75822;252;202419;1459;24;0;30;280006
2012;Hauts-de-France;Nord;380936;1752;862544;15160;210;0;256;1260858
2012;Hauts-de-France;Oise;183262;803;380681;2605;282;0;111;567744
2012;Hauts-de-France;Aisne;84979;266;209284;1695;19;0;29;296272
2012;Hauts-de-France;Pas-de-Calais;193069;692;496718;5441;45;0;80;696045
2012;Normandie;Eure;88066;357;215251;1978;11;0;45;305708
2012;Normandie;Orne;37783;211;103109;859;11;0;18;141991
2012;Normandie;Manche;69657;272;180733;2033;20;0;31;252746
2012;Normandie;Seine-Maritime;233212;601;447685;3712;44;0;77;685331
2012;Normandie;Calvados;111042;581;230944;2932;38;0;77;345614
2012;Nouvelle-Aquitaine;Landes;65909;317;156622;1751;9;0;40;224648
2012;Nouvelle-Aquitaine;Pyrénées-Atlantiques;127772;648;241842;2425;24;0;48;372759
2012;Nouvelle-Aquitaine;Dordogne;60607;403;151506;1976;10;0;48;214550
2012;Nouvelle-Aquitaine;Vienne;63317;354;148387;1846;124;0;52;214080
2012;Nouvelle-Aquitaine;Gironde;272701;1381;518847;6764;276;0;165;800134
2012;Nouvelle-Aquitaine;Deux-Sèvres;69447;345;164947;1631;90;0;39;236499
2012;Nouvelle-Aquitaine;Haute-Vienne;64430;288;128681;974;9;0;33;194415
2012;Nouvelle-Aquitaine;Creuse;16237;67;44529;342;1;0;3;61179
2012;Nouvelle-Aquitaine;Corrèze;40602;164;91035;815;8;0;24;132648
2012;Nouvelle-Aquitaine;Lot-et-Garonne;46078;221;126750;1300;10;0;43;174402
2012;Nouvelle-Aquitaine;Charente;51571;268;129813;1134;24;0;19;182829
2012;Nouvelle-Aquitaine;Charente-Maritime;104783;744;224457;2771;127;0;67;332949
2012;Occitanie;Hérault;197871;986;373552;3850;23;0;112;576394
2012;Occitanie;Pyrénées-Orientales;85116;348;155297;1123;24;0;29;241937
2012;Occitanie;Tarn;57069;247;141988;1616;9;0;32;200961
2012;Occitanie;Ariège;20607;116;58114;843;5;0;43;79728
2012;Occitanie;Gard;128632;594;260407;2692;20;0;53;392398
2012;Occitanie;Aveyron;36998;125;109018;889;7;0;32;147069
2012;Occitanie;Haute-Garonne;220244;1192;444644;5389;39;0;166;671674
2012;Occitanie;Lot;25743;140;65825;760;3;0;14;92485
2012;Occitanie;Aude;54778;240;129979;1049;15;0;32;186093
2012;Occitanie;Tarn-et-Garonne;32723;141;96652;1226;3;0;18;130763
2012;Occitanie;Hautes-Pyrénées;37011;125;85027;1202;8;0;28;123401
2012;Occitanie;Gers;24623;138;77254;809;6;0;16;102846
2012;Occitanie;Lozère;10041;34;31511;220;2;0;6;41814
2012;Pays de la Loire;Vendée;103099;681;246681;2089;29;0;40;352619
2012;Pays de la Loire;Mayenne;39688;135;111261;1564;11;0;12;152671
2012;Pays de la Loire;Sarthe;88044;449;183392;2660;22;0;50;274617
2012;Pays de la Loire;Maine-et-Loire;117643;568;261325;3036;41;0;48;382661
2012;Pays de la Loire;Loire-Atlantique;238644;1121;436975;5740;52;0;161;682693
2012;Provence-Alpes-Côte d'Azur;Alpes-Maritimes;301377;1661;303878;3217;147;0;204;610484
2012;Provence-Alpes-Côte d'Azur;Vaucluse;103806;625;209671;2440;17;0;58;316617
2012;Provence-Alpes-Côte d'Azur;Bouches-du-Rhône;386846;1780;655409;6902;65;0;158;1051160
2012;Provence-Alpes-Côte d'Azur;Hautes-Alpes;24018;172;51637;794;5;0;17;76643
2012;Provence-Alpes-Côte d'Azur;Alpes-de-Haute-Provence;28783;156;59660;794;2;0;21;89416
2012;Provence-Alpes-Côte d'Azur;Var;245198;1192;344029;3607;38;0;131;594195
2012;Île-de-France;Essonne;248413;1577;381347;4426;45;0;118;635926
2012;Île-de-France;Val-d'Oise;223108;1240;342703;3938;66;0;93;571148
2012;Île-de-France;Seine-et-Marne;232071;1982;445660;4917;40;0;127;684797
2012;Île-de-France;Seine-Saint-Denis;201954;1136;324129;3540;93;0;133;530985
2012;Île-de-France;Paris;338109;3436;336198;3881;257;1;229;682111
2012;Île-de-France;Hauts-de-Seine;324636;3188;432079;3038;921;2;182;764046
2012;Île-de-France;Val-de-Marne;250200;1464;286963;3240;62;0;110;542039
2012;Île-de-France;Yvelines;350605;1973;468344;5075;347;310;176;826830
2013;Auvergne-Rhône-Alpes;Ain;112287;725;224203;1545;40;101;134;339035
2013;Auvergne-Rhône-Alpes;Allier;55694;228;119449;976;26;53;21;176447
2013;Auvergne-Rhône-Alpes;Haute-Loire;31272;127;88518;898;15;48;25;120903
2013;Auvergne-Rhône-Alpes;Savoie;76546;486;161699;1625;27;86;63;240532
2013;Auvergne-Rhône-Alpes;Rhône;315335;1903;556762;5224;193;340;175;879932
2013;Auvergne-Rhône-Alpes;Ardèche;50866;247;118307;1211;32;38;29;170730
2013;Auvergne-Rhône-Alpes;Puy-de-Dôme;105836;589;231215;2135;36;87;59;339957
2013;Auvergne-Rhône-Alpes;Haute-Savoie;180327;1618;292185;2835;56;169;112;477302
2013;Auvergne-Rhône-Alpes;Loire;116677;397;264506;2276;37;112;90;384095
2013;Auvergne-Rhône-Alpes;Drôme;84669;556;190733;1956;83;82;50;278129
2013;Auvergne-Rhône-Alpes;Cantal;19557;110;56153;418;5;17;11;76271
2013;Auvergne-Rhône-Alpes;Isère;226323;1193;460516;5371;97;163;218;693881
2013;Bourgogne-Franche-Comté;Doubs;93988;412;203770;1644;102;509;37;300462
2013;Bourgogne-Franche-Comté;Côte-d'Or;90131;613;182905;1679;58;67;50;275503
2013;Bourgogne-Franche-Comté;Haute-Saône;34364;130;96519;686;36;41;21;131797
2013;Bourgogne-Franche-Comté;Yonne;50494;304;125603;1309;17;32;29;177788
2013;Bourgogne-Franche-Comté;Jura;41296;168;101082;1266;14;57;78;143961
2013;Bourgogne-Franche-Comté;Nièvre;33273;151;74917;612;9;15;57;109034
2013;Bourgogne-Franche-Comté;Saône-et-Loire;92251;447;196000;1720;29;80;66;290593
2013;Bourgogne-Franche-Comté;Territoire de Belfort;27077;85;46256;376;21;48;9;73872
2013;Bretagne;Ille-et-Vilaine;146941;844;350438;3619;91;127;40;502100
2013;Bretagne;Morbihan;113046;771;277070;2249;44;70;45;393295
2013;Bretagne;Côtes-d'Armor;87063;425;227084;1960;31;55;32;316650
2013;Bretagne;Finistère;148418;837;343293;2548;54;65;53;495268
2013;Centre-Val de Loire;Loir-et-Cher;50892;306;122751;1014;38;40;44;175085
2013;Centre-Val de Loire;Loiret;111796;707;236909;2081;61;84;65;351703
2013;Centre-Val de Loire;Indre-et-Loire;99221;765;195612;2251;64;76;59;298048
2013;Centre-Val de Loire;Eure-et-Loir;67841;349;165308;1497;68;73;24;235160
2013;Centre-Val de Loire;Indre;29592;267;82818;675;14;28;22;113416
2013;Centre-Val de Loire;Cher;47204;313;109759;639;33;33;70;158051
2013;Corse;Corse-du-Sud;40322;99;48876;377;9;29;15;89727
2013;Corse;Haute-Corse;37426;119;59492;348;12;16;10;97423
2013;Grand Est;Bas-Rhin;203838;1397;382971;2882;202;160;255;591705
2013;Grand Est;Vosges;57144;235;145564;1476;22;58;33;204532
2013;Grand Est;Marne;111697;641;210038;1533;43;90;37;324079
2013;Grand Est;Meurthe-et-Moselle;120130;805;259479;2158;65;110;45;382792
2013;Grand Est;Haute-Marne;24088;110;67136;685;21;28;6;92074
2013;Grand Est;Meuse;25045;153;72616;554;14;29;9;98420
2013;Grand Est;Aube;45549;265;107667;890;16;54;18;154459
2013;Grand Est;Haut-Rhin;161136;951;260586;1943;151;215;91;425073
2013;Grand Est;Moselle;186566;896;398850;2168;143;160;71;588854
2013;Grand Est;Ardennes;35732;136;104700;1083;35;35;29;141750
2013;Hauts-de-France;Somme;72618;337;209048;1352;31;75;28;283489
2013;Hauts-de-France;Nord;363409;2470;884543;14168;301;317;263;1265471
2013;Hauts-de-France;Oise;174293;1088;390832;2418;237;208;109;569185
2013;Hauts-de-France;Aisne;80445;324;214715;1542;44;73;29;297172
2013;Hauts-de-France;Pas-de-Calais;183420;934;510228;5146;93;153;86;700060
2013;Normandie;Eure;84340;461;223000;1803;94;94;48;309840
2013;Normandie;Orne;35956;292;105261;802;17;32;17;142377
2013;Normandie;Manche;65716;370;185250;1870;57;70;28;253361
2013;Normandie;Seine-Maritime;222606;805;460007;3414;117;150;74;687173
2013;Normandie;Calvados;106750;769;238064;2666;68;141;70;348528
2013;Nouvelle-Aquitaine;Landes;63193;403;162514;1606;31;81;40;227868
2013;Nouvelle-Aquitaine;Pyrénées-Atlantiques;122705;849;249335;2244;62;90;34;375319
2013;Nouvelle-Aquitaine;Dordogne;57414;487;155657;1844;21;60;42;215525
2013;Nouvelle-Aquitaine;Vienne;60322;463;155591;1747;185;42;52;218402
2013;Nouvelle-Aquitaine;Gironde;262748;1706;540554;6379;373;202;153;812115
2013;Nouvelle-Aquitaine;Deux-Sèvres;63497;456;171357;1487;277;50;42;237166
2013;Nouvelle-Aquitaine;Haute-Vienne;61047;366;132819;923;26;43;33;195257
2013;Nouvelle-Aquitaine;Creuse;15220;84;45602;325;4;11;3;61249
2013;Nouvelle-Aquitaine;Corrèze;38538;207;93818;795;26;28;26;133438
2013;Nouvelle-Aquitaine;Lot-et-Garonne;43787;293;130508;1191;18;40;41;175878
2013;Nouvelle-Aquitaine;Charente;48729;357;134177;1053;67;39;19;184441
2013;Nouvelle-Aquitaine;Charente-Maritime;100393;965;231682;2516;164;75;59;335854
2013;Occitanie;Hérault;189356;1232;387399;3513;61;153;104;581818
2013;Occitanie;Pyrénées-Orientales;82265;459;160926;1052;46;47;27;244822
2013;Occitanie;Tarn;54332;342;146759;1493;17;36;26;203005
2013;Occitanie;Ariège;19416;148;59472;776;15;8;43;79878
2013;Occitanie;Gard;123204;750;269888;2454;54;88;52;396490
2013;Occitanie;Aveyron;34990;156;111933;826;34;43;32;148014
2013;Occitanie;Haute-Garonne;212670;1535;461437;5004;119;213;154;681132
2013;Occitanie;Lot;24439;190;67746;696;9;32;15;93127
2013;Occitanie;Aude;52661;315;134013;965;27;33;30;188044
2013;Occitanie;Tarn-et-Garonne;31244;195;99886;1107;20;31;20;132503
2013;Occitanie;Hautes-Pyrénées;35182;186;87451;1101;12;35;25;123992
2013;Occitanie;Gers;23184;199;79543;711;13;21;15;103686
2013;Occitanie;Lozère;9543;46;32069;198;2;15;5;41878
2013;Pays de la Loire;Vendée;98310;883;255139;1897;94;109;35;356467
2013;Pays de la Loire;Mayenne;37441;213;114205;1458;31;32;16;153396
2013;Pays de la Loire;Sarthe;83629;584;188493;2480;56;44;43;275329
2013;Pays de la Loire;Maine-et-Loire;111414;746;270344;2798;115;71;50;385538
2013;Pays de la Loire;Loire-Atlantique;228171;1479;453285;5373;97;149;217;688771
2013;Provence-Alpes-Côte d'Azur;Alpes-Maritimes;291133;2117;315368;3003;309;133;188;612251
2013;Provence-Alpes-Côte d'Azur;Vaucluse;99446;740;217007;2243;53;128;50;319667
2013;Provence-Alpes-Côte d'Azur;Bouches-du-Rhône;371394;2181;676726;6294;206;237;187;1057225
2013;Provence-Alpes-Côte d'Azur;Hautes-Alpes;23127;202;53161;762;7;19;13;77291
2013;Provence-Alpes-Côte d'Azur;Alpes-de-Haute-Provence;27446;193;61871;740;9;27;21;90307
2013;Provence-Alpes-Côte d'Azur;Var;237706;1553;358907;3319;80;154;120;601839
2013;Île-de-France;Essonne;240834;2120;399610;4217;129;205;102;647217
2013;Île-de-France;Val-d'Oise;214459;1678;357738;3623;169;177;83;577927
2013;Île-de-France;Seine-et-Marne;223768;2431;464291;4597;76;231;117;695511
2013;Île-de-France;Seine-Saint-Denis;193955;1536;342315;3274;100;130;133;541443
2013;Île-de-France;Paris;319425;4137;346368;3404;397;640;203;674574
2013;Île-de-France;Hauts-de-Seine;312379;4032;448512;2808;2607;490;170;770998
2013;Île-de-France;Val-de-Marne;240331;2061;299182;3021;101;147;107;544950
2013;Île-de-France;Yvelines;336365;2678;491684;4794;563;934;182;837200
2014;Auvergne-Rhône-Alpes;Ain;108777;995;231986;1419;100;233;139;343649
2014;Auvergne-Rhône-Alpes;Allier;52279;316;121846;902;43;130;18;175534
2014;Auvergne-Rhône-Alpes;Haute-Loire;29941;185;90111;838;28;105;23;121231
2014;Auvergne-Rhône-Alpes;Savoie;73994;706;165266;1434;71;205;58;241734
2014;Auvergne-Rhône-Alpes;Rhône;301930;2735;570742;4734;405;932;173;881651
2014;Auvergne-Rhône-Alpes;Ardèche;48545;343;121118;1076;61;80;25;171248
2014;Auvergne-Rhône-Alpes;Puy-de-Dôme;100686;863;237262;1945;96;220;55;341127
2014;Auvergne-Rhône-Alpes;Haute-Savoie;175238;2385;306649;2668;155;440;111;487646
2014;Auvergne-Rhône-Alpes;Loire;110871;570;270508;2105;94;278;84;384510
2014;Auvergne-Rhône-Alpes;Drôme;80429;735;194942;1781;141;190;50;278268
2014;Auvergne-Rhône-Alpes;Cantal;18410;161;56725;397;14;45;11;75763
2014;Auvergne-Rhône-Alpes;Isère;212872;1723;468328;4686;238;445;210;688502
2014;Bourgogne-Franche-Comté;Doubs;90034;636;209541;1509;126;691;34;302571
2014;Bourgogne-Franche-Comté;Côte-d'Or;85483;934;185899;1519;103;167;49;274154
2014;Bourgogne-Franche-Comté;Haute-Saône;32338;182;98098;595;41;86;19;131359
2014;Bourgogne-Franche-Comté;Yonne;47191;457;127942;1172;39;96;25;176922
2014;Bourgogne-Franche-Comté;Jura;39408;270;103415;1183;40;127;78;144521
2014;Bourgogne-Franche-Comté;Nièvre;31097;235;76113;543;26;51;55;108120
2014;Bourgogne-Franche-Comté;Saône-et-Loire;86255;663;200124;1562;78;171;69;288922
2014;Bourgogne-Franche-Comté;Territoire de Belfort;25797;113;47827;361;30;102;9;74239
2014;Bretagne;Ille-et-Vilaine;139423;1199;358444;3116;179;290;45;502696
2014;Bretagne;Morbihan;107566;1073;283474;1967;129;155;58;394422
2014;Bretagne;Côtes-d'Armor;81705;626;230924;1651;98;136;39;315179
2014;Bretagne;Finistère;140736;1179;348896;2264;132;147;48;493402
2014;Centre-Val de Loire;Loir-et-Cher;47694;448;124963;899;51;89;42;174186
2014;Centre-Val de Loire;Loiret;105696;981;242358;1847;243;228;59;351412
2014;Centre-Val de Loire;Indre-et-Loire;94037;1092;199789;2001;132;202;57;297310
2014;Centre-Val de Loire;Eure-et-Loir;64036;496;168959;1339;110;168;22;235130
2014;Centre-Val de Loire;Indre;27286;346;83769;587;31;64;21;112104
2014;Centre-Val de Loire;Cher;43835;391;111178;584;78;71;68;156205
2014;Corse;Corse-du-Sud;38823;151;50187;358;20;45;14;89598
2014;Corse;Haute-Corse;35202;183;61646;325;20;41;11;97428
2014;Grand Est;Bas-Rhin;192686;2061;392700;2580;535;436;247;591245
2014;Grand Est;Vosges;53855;324;147952;1284;51;163;33;203662
2014;Grand Est;Marne;94822;885;210846;1331;94;245;31;308254
2014;Grand Est;Meurthe-et-Moselle;114378;1051;264444;1971;128;258;37;382267
2014;Grand Est;Haute-Marne;22691;169;68251;618;23;61;6;91819
2014;Grand Est;Meuse;23485;206;73602;485;45;71;9;97903
2014;Grand Est;Aube;42933;379;110120;752;38;123;18;154363
2014;Grand Est;Haut-Rhin;153373;1284;268347;1738;495;454;90;425781
2014;Grand Est;Moselle;176731;1280;407283;1984;233;373;71;587955
2014;Grand Est;Ardennes;33606;219;106034;1003;48;78;26;141014
2014;Hauts-de-France;Somme;68795;495;213484;1169;79;154;23;284199
2014;Hauts-de-France;Nord;345283;3815;899476;12714;528;812;270;1262898
2014;Hauts-de-France;Oise;167997;1599;393422;2150;193;330;109;565800
2014;Hauts-de-France;Aisne;75650;439;213897;1325;114;170;30;291625
2014;Hauts-de-France;Pas-de-Calais;173839;1316;518440;4616;216;385;87;698899
2014;Normandie;Eure;79988;611;228365;1581;143;169;53;310910
2014;Normandie;Orne;33772;417;106904;730;46;77;20;141966
2014;Normandie;Manche;61894;543;189099;1628;108;156;22;253450
2014;Normandie;Seine-Maritime;212839;1478;464658;2918;252;364;71;682580
2014;Normandie;Calvados;101665;1109;243037;2318;116;273;68;348586
2014;Nouvelle-Aquitaine;Landes;59743;542;166401;1380;52;162;37;228317
2014;Nouvelle-Aquitaine;Pyrénées-Atlantiques;116763;1306;254651;2056;127;226;24;375153
2014;Nouvelle-Aquitaine;Dordogne;53747;632;158657;1661;54;156;36;214943
2014;Nouvelle-Aquitaine;Vienne;56810;664;156748;1552;230;106;47;216157
2014;Nouvelle-Aquitaine;Gironde;252499;2431;555766;5632;505;536;135;817504
2014;Nouvelle-Aquitaine;Deux-Sèvres;56838;636;174937;1207;302;109;41;234070
2014;Nouvelle-Aquitaine;Haute-Vienne;57551;521;136725;838;54;96;34;195819
2014;Nouvelle-Aquitaine;Creuse;14081;112;46255;307;12;24;4;60795
2014;Nouvelle-Aquitaine;Corrèze;35902;271;96161;737;41;73;24;133209
2014;Nouvelle-Aquitaine;Lot-et-Garonne;41196;372;133621;1029;47;90;39;176394
2014;Nouvelle-Aquitaine;Charente;45216;502;136781;934;97;111;18;183659
2014;Nouvelle-Aquitaine;Charente-Maritime;95444;1346;237895;2232;231;193;51;337392
2014;Occitanie;Hérault;179767;1700;398979;3074;189;395;101;584205
2014;Occitanie;Pyrénées-Orientales;78930;628;164808;929;79;107;23;245504
2014;Occitanie;Tarn;51435;436;149836;1307;48;88;28;203178
2014;Occitanie;Ariège;18024;198;60713;680;23;23;46;79707
2014;Occitanie;Gard;116381;1017;276899;2047;120;230;47;396741
2014;Occitanie;Aveyron;33054;239;114169;745;39;95;29;148370
2014;Occitanie;Haute-Garonne;205190;2169;475408;4447;297;536;137;688184
2014;Occitanie;Lot;22910;260;69110;641;29;63;15;93028
2014;Occitanie;Aude;49880;450;136863;832;43;93;25;188186
2014;Occitanie;Tarn-et-Garonne;29481;262;102771;961;40;88;21;133624
2014;Occitanie;Hautes-Pyrénées;33245;273;89271;978;31;57;25;123880
2014;Occitanie;Gers;21736;277;81173;587;34;54;16;103877
2014;Occitanie;Lozère;8994;71;32666;178;5;24;5;41943
2014;Pays de la Loire;Vendée;92883;1250;261527;1685;158;233;31;357767
2014;Pays de la Loire;Mayenne;34747;309;115783;1296;55;76;15;152281
2014;Pays de la Loire;Sarthe;78913;855;192576;2244;100;120;39;274847
2014;Pays de la Loire;Maine-et-Loire;104491;1093;276465;2474;158;160;48;384889
2014;Pays de la Loire;Loire-Atlantique;218317;2065;465799;4860;203;356;247;691847
2014;Provence-Alpes-Côte d'Azur;Alpes-Maritimes;279026;2770;323403;2740;453;356;167;608915
2014;Provence-Alpes-Côte d'Azur;Vaucluse;94599;936;222686;1907;117;251;50;320546
2014;Provence-Alpes-Côte d'Azur;Bouches-du-Rhône;355078;2988;695307;5465;402;605;198;1060043
2014;Provence-Alpes-Côte d'Azur;Hautes-Alpes;22179;269;54045;709;16;54;11;77283
2014;Provence-Alpes-Côte d'Azur;Alpes-de-Haute-Provence;25954;276;63300;678;21;57;16;90302
2014;Provence-Alpes-Côte d'Azur;Var;227974;2152;367118;2907;181;376;102;600810
2014;Île-de-France;Essonne;231927;3093;411394;3734;288;543;89;651068
2014;Île-de-France;Val-d'Oise;204743;2466;371719;3136;228;431;68;582791
2014;Île-de-France;Seine-et-Marne;213876;3410;477220;4073;185;572;103;699439
2014;Île-de-France;Seine-Saint-Denis;182189;2328;356093;2779;169;333;128;544019
2014;Île-de-France;Paris;300263;5487;355598;2611;667;1467;157;666250
2014;Île-de-France;Hauts-de-Seine;298803;6102;463743;2446;3744;1154;158;776150
2014;Île-de-France;Val-de-Marne;229108;3092;306646;2645;182;377;101;542151
2014;Île-de-France;Yvelines;325530;3802;498852;4389;840;1781;152;835346
2015;Auvergne-Rhône-Alpes;Ain;104949;1292;236497;1318;167;356;138;344717
2015;Auvergne-Rhône-Alpes;Allier;49179;398;122322;845;80;171;17;173012
2015;Auvergne-Rhône-Alpes;Haute-Loire;28487;240;90456;797;41;143;17;120181
2015;Auvergne-Rhône-Alpes;Savoie;71245;918;166492;1326;126;283;57;240447
2015;Auvergne-Rhône-Alpes;Rhône;286668;3655;576158;4382;693;1333;172;873061
2015;Auvergne-Rhône-Alpes;Ardèche;46313;408;122019;1007;92;122;20;169981
2015;Auvergne-Rhône-Alpes;Puy-de-Dôme;96062;1089;239910;1848;161;339;51;339460
2015;Auvergne-Rhône-Alpes;Haute-Savoie;169112;3028;314614;2527;285;658;101;490325
2015;Auvergne-Rhône-Alpes;Loire;105297;737;272457;1964;168;420;88;381131
2015;Auvergne-Rhône-Alpes;Drôme;76025;969;196716;1590;219;271;43;275833
2015;Auvergne-Rhône-Alpes;Cantal;17479;213;56793;367;26;55;11;74944
2015;Auvergne-Rhône-Alpes;Isère;200139;2302;468959;4289;393;684;198;676964
2015;Bourgogne-Franche-Comté;Doubs;85475;784;210905;1391;174;681;37;299447
2015;Bourgogne-Franche-Comté;Côte-d'Or;81020;1159;186218;1399;167;242;44;270249
2015;Bourgogne-Franche-Comté;Haute-Saône;30303;218;98123;537;50;140;17;129388
2015;Bourgogne-Franche-Comté;Yonne;43906;570;128610;1029;66;133;25;174339
2015;Bourgogne-Franche-Comté;Jura;37485;373;103699;1123;69;188;75;143012
2015;Bourgogne-Franche-Comté;Nièvre;29066;329;76105;520;37;73;55;106185
2015;Bourgogne-Franche-Comté;Saône-et-Loire;80782;862;201393;1462;126;252;66;284943
2015;Bourgogne-Franche-Comté;Territoire de Belfort;24471;152;47766;314;36;133;6;72878
2015;Bretagne;Ille-et-Vilaine;132577;1581;361683;2819;290;408;40;499398
2015;Bretagne;Morbihan;103103;1424;286741;1843;172;228;56;393567
2015;Bretagne;Côtes-d'Armor;77375;829;231981;1549;157;186;44;312121
2015;Bretagne;Finistère;134569;1539;350699;2140;219;216;43;489425
2015;Centre-Val de Loire;Loir-et-Cher;44654;595;125525;817;105;127;34;171857
2015;Centre-Val de Loire;Loiret;99737;1265;244396;1707;322;338;56;347821
2015;Centre-Val de Loire;Indre-et-Loire;89714;1496;200895;1882;229;268;49;294533
2015;Centre-Val de Loire;Eure-et-Loir;59965;670;169577;1214;181;227;23;231857
2015;Centre-Val de Loire;Indre;25242;416;83824;526;44;92;20;110164
2015;Centre-Val de Loire;Cher;40952;509;111692;526;122;118;64;153983
2015;Corse;Corse-du-Sud;37107;178;50724;316;40;53;13;88431
2015;Corse;Haute-Corse;33974;230;62830;303;29;50;10;97426
2015;Grand Est;Bas-Rhin;182187;2743;396614;2403;651;660;235;585493
2015;Grand Est;Vosges;50944;399;147900;1178;81;226;30;200758
2015;Grand Est;Marne;82569;1180;208823;1251;145;370;29;294367
2015;Grand Est;Meurthe-et-Moselle;108959;1305;266079;1846;221;380;34;378824
2015;Grand Est;Haute-Marne;21339;196;68180;574;46;83;5;90423
2015;Grand Est;Meuse;21927;248;73426;458;57;109;7;96232
2015;Grand Est;Aube;40064;466;110163;697;66;168;18;151642
2015;Grand Est;Haut-Rhin;145046;1647;271673;1637;582;638;99;421322
2015;Grand Est;Moselle;167366;1606;408806;1894;342;510;71;580595
2015;Grand Est;Ardennes;31754;288;106305;930;70;119;27;139493
2015;Hauts-de-France;Somme;66385;633;214128;1065;110;215;21;282557
2015;Hauts-de-France;Nord;329475;5025;900997;11815;783;1133;268;1249496
2015;Hauts-de-France;Oise;165543;2285;397542;2019;290;541;101;568321
2015;Hauts-de-France;Aisne;70789;570;212336;1224;157;238;26;285340
2015;Hauts-de-France;Pas-de-Calais;165748;1776;518473;4304;393;554;80;691328
2015;Normandie;Eure;75781;793;229895;1475;211;279;43;308477
2015;Normandie;Orne;31851;519;106532;703;84;101;18;139808
2015;Normandie;Manche;58258;701;189446;1488;172;217;25;250307
2015;Normandie;Seine-Maritime;207046;1585;468376;2639;427;565;72;680710
2015;Normandie;Calvados;96956;1426;244692;2095;199;416;54;345838
2015;Nouvelle-Aquitaine;Landes;57055;670;168485;1287;86;218;37;227838
2015;Nouvelle-Aquitaine;Pyrénées-Atlantiques;111548;1749;256067;1925;194;330;23;371836
2015;Nouvelle-Aquitaine;Dordogne;50645;750;159651;1528;102;197;35;212908
2015;Nouvelle-Aquitaine;Vienne;53442;869;159227;1433;277;156;46;215450
2015;Nouvelle-Aquitaine;Gironde;241902;3184;563470;5223;649;798;125;815351
2015;Nouvelle-Aquitaine;Deux-Sèvres;51778;849;177750;1057;308;170;37;231949
2015;Nouvelle-Aquitaine;Haute-Vienne;54672;754;137107;779;127;140;30;193609
2015;Nouvelle-Aquitaine;Creuse;13027;133;46483;295;20;38;3;59999
2015;Nouvelle-Aquitaine;Corrèze;34006;343;96800;693;64;103;23;132032
2015;Nouvelle-Aquitaine;Lot-et-Garonne;38661;483;133954;932;67;147;39;174283
2015;Nouvelle-Aquitaine;Charente;42152;633;137447;858;156;142;18;181406
2015;Nouvelle-Aquitaine;Charente-Maritime;90947;1685;239731;2073;282;290;45;335053
2015;Occitanie;Hérault;170388;2204;404962;2819;289;476;97;581235
2015;Occitanie;Pyrénées-Orientales;74995;797;167503;842;121;169;23;244450
2015;Occitanie;Tarn;49116;560;151536;1184;84;142;28;202650
2015;Occitanie;Ariège;16908;245;60911;602;36;42;45;78789
2015;Occitanie;Gard;109881;1293;280094;1817;235;310;39;393669
2015;Occitanie;Aveyron;31252;300;114916;695;59;149;24;147395
2015;Occitanie;Haute-Garonne;197947;2985;482440;4120;537;752;132;688913
2015;Occitanie;Lot;21549;313;69534;603;45;83;12;92139
2015;Occitanie;Aude;46914;555;137949;764;79;142;21;186424
2015;Occitanie;Tarn-et-Garonne;27884;313;103806;858;58;116;19;133054
2015;Occitanie;Hautes-Pyrénées;31435;354;90050;901;44;78;23;122885
2015;Occitanie;Gers;20479;369;81633;515;55;95;28;103174
2015;Occitanie;Lozère;8539;92;32677;162;7;39;5;41521
2015;Pays de la Loire;Vendée;88220;1604;264839;1598;262;336;32;356891
2015;Pays de la Loire;Mayenne;32857;398;115954;1188;72;121;18;150608
2015;Pays de la Loire;Sarthe;74548;1123;193318;2054;147;195;38;271423
2015;Pays de la Loire;Maine-et-Loire;97890;1470;279519;2334;267;262;46;381788
2015;Pays de la Loire;Loire-Atlantique;208507;2668;469557;4578;356;507;266;686439
2015;Provence-Alpes-Côte d'Azur;Alpes-Maritimes;264786;3390;325603;2515;687;496;145;597622
2015;Provence-Alpes-Côte d'Azur;Vaucluse;89461;1162;224135;1725;198;327;42;317050
2015;Provence-Alpes-Côte d'Azur;Bouches-du-Rhône;337585;3778;702215;4948;674;847;206;1050253
2015;Provence-Alpes-Côte d'Azur;Hautes-Alpes;21236;310;54146;661;31;69;12;76465
2015;Provence-Alpes-Côte d'Azur;Alpes-de-Haute-Provence;24656;348;63872;631;27;78;14;89626
2015;Provence-Alpes-Côte d'Azur;Var;217700;2677;370075;2660;379;532;86;594109
2015;Île-de-France;Essonne;221576;4082;417643;3406;501;817;80;648105
2015;Île-de-France;Val-d'Oise;194155;3354;372863;2843;392;684;61;574352
2015;Île-de-France;Seine-et-Marne;203630;4437;482554;3785;329;837;90;695662
2015;Île-de-France;Seine-Saint-Denis;169105;3263;364539;2450;305;596;115;540373
2015;Île-de-France;Paris;277504;7046;351006;2198;1117;1801;130;640802
2015;Île-de-France;Hauts-de-Seine;281877;8803;467666;2197;5105;1849;137;767634
2015;Île-de-France;Val-de-Marne;216054;4173;310097;2394;299;586;92;533695
2015;Île-de-France;Yvelines;309838;4991;494888;4111;1210;1430;139;816607
2016;Auvergne-Rhône-Alpes;Ain;103831;1671;238399;1285;335;567;135;346223
2016;Auvergne-Rhône-Alpes;Allier;47568;477;121451;795;147;263;15;170716
2016;Auvergne-Rhône-Alpes;Haute-Loire;27982;280;89773;767;87;179;18;119086
2016;Auvergne-Rhône-Alpes;Savoie;70439;1131;166576;1269;244;405;49;240113
2016;Auvergne-Rhône-Alpes;Rhône;278634;4806;573420;4212;1123;1896;176;864267
2016;Auvergne-Rhône-Alpes;Ardèche;45422;521;121393;970;187;196;17;168706
2016;Auvergne-Rhône-Alpes;Puy-de-Dôme;94498;1312;239817;1810;318;546;45;338346
2016;Auvergne-Rhône-Alpes;Haute-Savoie;166580;3721;318687;2428;523;929;84;492952
2016;Auvergne-Rhône-Alpes;Loire;102942;911;273015;1910;301;634;86;379799
2016;Auvergne-Rhône-Alpes;Drôme;74608;1200;198335;1499;413;421;38;276514
2016;Auvergne-Rhône-Alpes;Cantal;17118;260;56132;351;44;84;7;73996
2016;Auvergne-Rhône-Alpes;Isère;193299;2980;467258;4061;740;1080;188;669606
2016;Bourgogne-Franche-Comté;Doubs;84056;1040;211027;1264;289;1054;38;298768
2016;Bourgogne-Franche-Comté;Côte-d'Or;78931;1487;184870;1355;296;383;43;267365
2016;Bourgogne-Franche-Comté;Haute-Saône;29417;267;97447;508;83;219;14;127955
2016;Bourgogne-Franche-Comté;Yonne;42109;738;127804;979;125;217;24;171996
2016;Bourgogne-Franche-Comté;Jura;36877;570;103782;1058;130;271;73;142761
2016;Bourgogne-Franche-Comté;Nièvre;27905;431;75512;502;60;120;52;104582
2016;Bourgogne-Franche-Comté;Saône-et-Loire;77995;1064;200673;1410;218;402;57;281819
2016;Bourgogne-Franche-Comté;Territoire de Belfort;23887;175;47499;297;69;189;4;72120
2016;Bretagne;Ille-et-Vilaine;130417;2013;362733;2722;501;682;44;499112
2016;Bretagne;Morbihan;101612;1877;286427;1749;300;387;51;392403
2016;Bretagne;Côtes-d'Armor;75337;1056;231407;1504;258;288;47;309897
2016;Bretagne;Finistère;131881;1976;348654;2075;420;413;34;485453
2016;Centre-Val de Loire;Loir-et-Cher;42920;728;125178;776;240;194;29;170065
2016;Centre-Val de Loire;Loiret;96822;1610;244719;1670;574;516;61;345972
2016;Centre-Val de Loire;Indre-et-Loire;87536;1881;200987;1792;431;402;39;293068
2016;Centre-Val de Loire;Eure-et-Loir;57915;879;168857;1117;286;337;15;229406
2016;Centre-Val de Loire;Indre;23980;500;83463;509;83;139;11;108685
2016;Centre-Val de Loire;Cher;39483;681;111212;517;198;199;59;152349
2016;Corse;Corse-du-Sud;36331;230;51161;307;64;83;11;88187
2016;Corse;Haute-Corse;34086;308;62362;293;39;152;8;97248
2016;Grand Est;Bas-Rhin;177021;3528;395636;2285;889;1005;215;580579
2016;Grand Est;Vosges;49447;484;146417;1122;169;373;23;198035
2016;Grand Est;Marne;80175;1501;206614;1215;266;507;26;290304
2016;Grand Est;Meurthe-et-Moselle;106405;1578;264932;1753;351;537;31;375587
2016;Grand Est;Haute-Marne;20555;223;67532;546;73;127;6;89062
2016;Grand Est;Meuse;21152;287;72760;450;94;140;5;94888
2016;Grand Est;Aube;38317;590;109930;673;123;238;12;149883
2016;Grand Est;Haut-Rhin;140543;2092;273082;1546;812;943;101;419119
2016;Grand Est;Moselle;163213;1921;406643;1841;554;813;63;575048
2016;Grand Est;Ardennes;30875;353;105724;883;115;208;26;138184
2016;Hauts-de-France;Somme;65159;846;215164;1009;215;385;20;282798
2016;Hauts-de-France;Nord;322043;6362;894837;11244;1184;1973;247;1237890
2016;Hauts-de-France;Oise;166231;2901;400220;1917;376;1489;99;573233
2016;Hauts-de-France;Aisne;69736;708;211215;1176;246;365;21;283467
2016;Hauts-de-France;Pas-de-Calais;163920;2200;516253;4120;650;896;64;688103
2016;Normandie;Eure;73968;1023;229233;1381;364;437;39;306445
2016;Normandie;Orne;30967;642;105389;656;119;176;15;137964
2016;Normandie;Manche;56441;880;189165;1414;340;332;30;248602
2016;Normandie;Seine-Maritime;204366;2160;465564;2502;808;1200;67;676667
2016;Normandie;Calvados;95374;1819;244820;1974;336;618;47;344988
2016;Nouvelle-Aquitaine;Landes;56199;850;169406;1221;163;296;32;228167
2016;Nouvelle-Aquitaine;Pyrénées-Atlantiques;110061;2247;254904;1837;348;440;16;369853
2016;Nouvelle-Aquitaine;Dordogne;48901;967;159345;1421;197;265;28;211124
2016;Nouvelle-Aquitaine;Vienne;52185;1064;158873;1363;497;261;42;214285
2016;Nouvelle-Aquitaine;Gironde;237919;4151;566087;5055;1073;1151;126;815562
2016;Nouvelle-Aquitaine;Deux-Sèvres;49644;1022;179213;1009;357;285;32;231562
2016;Nouvelle-Aquitaine;Haute-Vienne;53456;913;136096;754;217;216;27;191679
2016;Nouvelle-Aquitaine;Creuse;12331;158;46172;280;35;73;2;59051
2016;Nouvelle-Aquitaine;Corrèze;33431;383;96085;683;127;171;17;130897
2016;Nouvelle-Aquitaine;Lot-et-Garonne;37678;626;133272;875;141;203;27;172822
2016;Nouvelle-Aquitaine;Charente;40836;758;137483;820;237;222;13;180369
2016;Nouvelle-Aquitaine;Charente-Maritime;89579;2172;240133;1998;458;436;35;334811
2016;Occitanie;Hérault;166052;3007;407956;2687;493;667;85;580947
2016;Occitanie;Pyrénées-Orientales;73273;995;168469;799;198;239;22;243995
2016;Occitanie;Tarn;48148;712;150951;1128;184;243;24;201390
2016;Occitanie;Ariège;16365;298;60655;566;67;70;42;78063
2016;Occitanie;Gard;107156;1655;280117;1693;397;474;37;391529
2016;Occitanie;Aveyron;30414;394;114203;634;109;241;21;146016
2016;Occitanie;Haute-Garonne;195124;3802;483448;3941;925;1120;122;688482
2016;Occitanie;Lot;20931;373;69172;579;97;123;9;91284
2016;Occitanie;Aude;45450;665;138261;739;144;189;15;185463
2016;Occitanie;Tarn-et-Garonne;26995;409;103951;828;125;157;17;132482
2016;Occitanie;Hautes-Pyrénées;30485;433;89643;855;115;111;18;121660
2016;Occitanie;Gers;19918;460;81606;487;91;138;30;102730
2016;Occitanie;Lozère;8141;112;32329;161;19;63;6;40831
2016;Pays de la Loire;Vendée;86333;2095;265516;1523;560;518;28;356573
2016;Pays de la Loire;Mayenne;31851;496;115316;1136;116;191;18;149124
2016;Pays de la Loire;Sarthe;72036;1380;193110;1971;267;297;36;269097
2016;Pays de la Loire;Maine-et-Loire;94659;1884;279634;2235;475;439;39;379365
2016;Pays de la Loire;Loire-Atlantique;203642;3480;470933;4480;662;739;275;684211
2016;Provence-Alpes-Côte d'Azur;Alpes-Maritimes;256443;4142;322554;2423;1032;704;124;587422
2016;Provence-Alpes-Côte d'Azur;Vaucluse;87181;1424;224296;1656;339;428;38;315362
2016;Provence-Alpes-Côte d'Azur;Bouches-du-Rhône;328735;4809;700634;4672;1128;1263;205;1041446
2016;Provence-Alpes-Côte d'Azur;Hautes-Alpes;20715;388;53771;621;66;92;11;75664
2016;Provence-Alpes-Côte d'Azur;Alpes-de-Haute-Provence;23777;438;63541;604;62;123;13;88558
2016;Provence-Alpes-Côte d'Azur;Var;212640;3367;368790;2519;660;693;68;588737
2016;Île-de-France;Essonne;216910;5589;417582;3311;918;1266;71;645647
2016;Île-de-France;Val-d'Oise;186949;4434;372375;2711;660;1001;53;568183
2016;Île-de-France;Seine-et-Marne;200101;5736;484240;3554;644;1239;73;695587
2016;Île-de-France;Seine-Saint-Denis;159978;4460;378995;2336;490;1001;108;547368
2016;Île-de-France;Paris;257856;9319;344236;2016;1425;2639;120;617611
2016;Île-de-France;Hauts-de-Seine;271857;11887;467357;2088;6709;3096;123;763117
2016;Île-de-France;Val-de-Marne;206412;5599;310535;2300;530;974;84;526434
2016;Île-de-France;Yvelines;303727;6653;491252;3892;2071;2333;130;810058
2017;Auvergne-Rhône-Alpes;Ain;104614;2179;237397;1237;567;640;121;346755
2017;Auvergne-Rhône-Alpes;Allier;47848;652;119337;756;225;326;16;169160
2017;Auvergne-Rhône-Alpes;Haute-Loire;28374;384;87961;735;148;211;16;117829
2017;Auvergne-Rhône-Alpes;Savoie;71702;1437;163966;1199;412;449;51;239216
2017;Auvergne-Rhône-Alpes;Rhône;277279;6213;565877;4074;1771;2044;164;857422
2017;Auvergne-Rhône-Alpes;Ardèche;45623;659;119004;935;339;252;20;166832
2017;Auvergne-Rhône-Alpes;Puy-de-Dôme;94994;1672;236699;1753;493;643;44;336298
2017;Auvergne-Rhône-Alpes;Haute-Savoie;167770;4613;312001;2271;949;1025;76;488705
2017;Auvergne-Rhône-Alpes;Loire;103202;1175;268388;1820;463;716;79;375843
2017;Auvergne-Rhône-Alpes;Drôme;74426;1533;195965;1412;618;503;32;274489
2017;Auvergne-Rhône-Alpes;Cantal;17446;361;55084;328;75;99;6;73399
2017;Auvergne-Rhône-Alpes;Isère;191850;3767;458633;3839;1237;1235;182;660743
2017;Bourgogne-Franche-Comté;Doubs;85284;1238;208822;1203;404;953;33;297937
2017;Bourgogne-Franche-Comté;Côte-d'Or;77980;1850;181190;1280;444;460;35;263239
2017;Bourgogne-Franche-Comté;Haute-Saône;29633;321;95794;477;125;231;11;126592
2017;Bourgogne-Franche-Comté;Yonne;41270;1001;124820;927;205;267;19;168509
2017;Bourgogne-Franche-Comté;Jura;37333;664;102692;977;196;314;70;142246
2017;Bourgogne-Franche-Comté;Nièvre;27439;563;73866;475;99;144;52;102638
2017;Bourgogne-Franche-Comté;Saône-et-Loire;77394;1281;197985;1360;358;487;56;278921
2017;Bourgogne-Franche-Comté;Territoire de Belfort;23995;226;46520;281;103;196;5;71326
2017;Bretagne;Ille-et-Vilaine;131679;2616;357594;2631;869;789;46;496224
2017;Bretagne;Morbihan;102868;2457;282869;1651;539;511;48;390943
2017;Bretagne;Côtes-d'Armor;75874;1437;228150;1442;425;362;39;307729
2017;Bretagne;Finistère;132729;2583;342579;2021;670;570;34;481186
2017;Centre-Val de Loire;Loir-et-Cher;42887;962;123207;737;384;251;22;168450
2017;Centre-Val de Loire;Loiret;96025;2088;240631;1556;872;600;56;341828
2017;Centre-Val de Loire;Indre-et-Loire;87678;2328;197736;1742;614;472;33;290603
2017;Centre-Val de Loire;Eure-et-Loir;57380;1195;166217;1029;400;390;12;226623
2017;Centre-Val de Loire;Indre;23658;587;81981;485;146;166;11;107034
2017;Centre-Val de Loire;Cher;38886;815;109101;489;256;250;57;149854
2017;Corse;Corse-du-Sud;36562;339;51101;291;85;66;10;88454
2017;Corse;Haute-Corse;34730;415;62451;269;58;85;5;98013
2017;Grand Est;Bas-Rhin;177172;4426;391562;2169;1279;1164;207;577979
2017;Grand Est;Vosges;49404;626;142916;1023;256;463;19;194707
2017;Grand Est;Marne;75311;1913;200616;1126;399;555;23;279943
2017;Grand Est;Meurthe-et-Moselle;107097;1885;261641;1649;505;617;28;373422
2017;Grand Est;Haute-Marne;20410;297;66116;512;102;146;2;87585
2017;Grand Est;Meuse;21124;363;71446;428;130;173;5;93669
2017;Grand Est;Aube;37737;775;108556;650;199;298;12;148227
2017;Grand Est;Haut-Rhin;139107;2615;270437;1456;1025;991;94;415725
2017;Grand Est;Moselle;163442;2404;400884;1772;742;927;63;570234
2017;Grand Est;Ardennes;30993;444;103419;829;184;258;25;136152
2017;Hauts-de-France;Somme;65669;1147;212857;921;320;454;14;281382
2017;Hauts-de-France;Nord;325082;8186;879087;10725;1808;2256;235;1227379
2017;Hauts-de-France;Oise;176054;3486;391184;1795;595;946;77;574137
2017;Hauts-de-France;Aisne;70528;901;209302;1133;386;441;20;282711
2017;Hauts-de-France;Pas-de-Calais;166810;2839;508766;3889;960;1084;67;684415
2017;Normandie;Eure;74195;1365;225382;1321;558;547;32;303400
2017;Normandie;Orne;30926;786;102977;621;204;214;15;135743
2017;Normandie;Manche;56673;1098;186618;1330;543;403;23;246688
2017;Normandie;Seine-Maritime;209789;2509;459100;2411;1285;1224;64;676382
2017;Normandie;Calvados;96705;2319;241959;1852;557;699;37;344128
2017;Nouvelle-Aquitaine;Landes;57000;1089;167554;1127;261;336;30;227397
2017;Nouvelle-Aquitaine;Pyrénées-Atlantiques;110712;2725;250867;1765;599;472;16;367156
2017;Nouvelle-Aquitaine;Dordogne;49196;1187;156967;1326;315;302;24;209317
2017;Nouvelle-Aquitaine;Vienne;52380;1305;156271;1313;681;311;39;212300
2017;Nouvelle-Aquitaine;Gironde;239650;5495;561961;4804;1691;1311;109;815021
2017;Nouvelle-Aquitaine;Deux-Sèvres;49238;1325;178356;950;467;370;59;230765
2017;Nouvelle-Aquitaine;Haute-Vienne;53422;1138;133249;716;335;266;26;189152
2017;Nouvelle-Aquitaine;Creuse;12027;199;45131;269;52;76;2;57756
2017;Nouvelle-Aquitaine;Corrèze;33576;518;94043;661;187;191;10;129186
2017;Nouvelle-Aquitaine;Lot-et-Garonne;38036;857;130899;809;246;258;24;171129
2017;Nouvelle-Aquitaine;Charente;40674;942;135688;786;340;259;14;178703
2017;Nouvelle-Aquitaine;Charente-Maritime;90416;2784;236805;1860;660;489;24;333038
2017;Occitanie;Hérault;166312;3749;405475;2579;801;747;78;579741
2017;Occitanie;Pyrénées-Orientales;72415;1262;166803;764;311;296;17;241868
2017;Occitanie;Tarn;48298;863;148447;1112;314;290;23;199347
2017;Occitanie;Ariège;16511;454;59587;506;104;89;36;77287
2017;Occitanie;Gard;106951;2087;276002;1649;577;519;34;387819
2017;Occitanie;Aveyron;30717;528;112771;609;175;290;14;145104
2017;Occitanie;Haute-Garonne;197933;4833;480062;3762;1532;1289;123;689534
2017;Occitanie;Lot;21104;494;68156;546;154;140;9;90603
2017;Occitanie;Aude;45690;841;137260;710;241;217;11;184970
2017;Occitanie;Tarn-et-Garonne;27105;531;102673;798;211;200;14;131532
2017;Occitanie;Hautes-Pyrénées;30317;606;87867;794;197;134;17;119932
2017;Occitanie;Gers;19889;619;80559;456;152;154;34;101863
2017;Occitanie;Lozère;7567;139;31593;155;28;74;5;39561
2017;Pays de la Loire;Vendée;87201;2586;263715;1498;882;636;21;356539
2017;Pays de la Loire;Mayenne;32099;641;113056;1103;206;245;19;147369
2017;Pays de la Loire;Sarthe;72595;1722;190105;1872;408;362;32;267096
2017;Pays de la Loire;Maine-et-Loire;94557;2344;276017;2150;740;537;49;376394
2017;Pays de la Loire;Loire-Atlantique;203134;4543;466153;4357;1218;920;292;680617
2017;Provence-Alpes-Côte d'Azur;Alpes-Maritimes;253270;4941;316277;2347;1440;736;116;579127
2017;Provence-Alpes-Côte d'Azur;Vaucluse;86507;1811;220184;1585;535;466;38;311126
2017;Provence-Alpes-Côte d'Azur;Bouches-du-Rhône;327394;6040;689774;4470;1733;1360;217;1030988
2017;Provence-Alpes-Côte d'Azur;Hautes-Alpes;20718;472;52648;585;118;118;13;74672
2017;Provence-Alpes-Côte d'Azur;Alpes-de-Haute-Provence;23698;581;62525;561;111;144;8;87628
2017;Provence-Alpes-Côte d'Azur;Var;212737;4306;363194;2409;1001;748;57;584452
2017;Île-de-France;Essonne;216158;7306;411841;3141;1385;1413;53;641297
2017;Île-de-France;Val-d'Oise;184258;5771;369164;2542;1074;1207;51;564067
2017;Île-de-France;Seine-et-Marne;201259;7315;476399;3379;1040;1415;74;690881
2017;Île-de-France;Seine-Saint-Denis;153845;5819;374772;2269;808;1206;100;538819
2017;Île-de-France;Paris;250655;11756;337116;1830;1984;2646;124;606111
2017;Île-de-France;Hauts-de-Seine;265887;15314;464394;1876;7681;3137;123;758412
2017;Île-de-France;Val-de-Marne;197535;7538;308054;2203;816;1132;83;517361
2017;Île-de-France;Yvelines;307157;8565;487843;3688;2623;2116;125;812117
2018;Auvergne-Rhône-Alpes;Ain;109049;2964;233993;1169;800;654;120;348749
2018;Auvergne-Rhône-Alpes;Allier;49018;895;116487;742;304;330;20;167796
2018;Auvergne-Rhône-Alpes;Haute-Loire;29971;549;85832;689;205;218;26;117490
2018;Auvergne-Rhône-Alpes;Savoie;75532;2052;160449;1141;611;462;48;240295
2018;Auvergne-Rhône-Alpes;Rhône;286145;8471;557945;3991;2630;2015;182;861379
2018;Auvergne-Rhône-Alpes;Ardèche;47425;952;115548;861;481;255;16;165538
2018;Auvergne-Rhône-Alpes;Puy-de-Dôme;98925;2339;231798;1689;672;669;39;336131
2018;Auvergne-Rhône-Alpes;Haute-Savoie;174541;6238;299383;2167;1406;1022;83;484840
2018;Auvergne-Rhône-Alpes;Loire;107106;1619;263288;1746;655;725;81;375220
2018;Auvergne-Rhône-Alpes;Drôme;78097;2054;194763;1391;871;524;41;277741
2018;Auvergne-Rhône-Alpes;Cantal;18337;495;53575;310;98;106;5;72926
2018;Auvergne-Rhône-Alpes;Isère;200201;5314;446671;3693;1878;1270;158;659185
2018;Bourgogne-Franche-Comté;Doubs;87622;1648;202690;1108;560;932;28;294588
2018;Bourgogne-Franche-Comté;Côte-d'Or;79321;2404;177161;1208;530;485;35;261144
2018;Bourgogne-Franche-Comté;Haute-Saône;30806;430;93382;477;167;245;12;125519
2018;Bourgogne-Franche-Comté;Yonne;42369;1361;121381;872;291;285;17;166576
2018;Bourgogne-Franche-Comté;Jura;38547;844;100147;929;262;331;62;141122
2018;Bourgogne-Franche-Comté;Nièvre;27687;747;71900;434;142;157;52;101119
2018;Bourgogne-Franche-Comté;Saône-et-Loire;79367;1671;193693;1286;501;503;53;277074
2018;Bourgogne-Franche-Comté;Territoire de Belfort;24733;332;45137;259;121;203;5;70790
2018;Bretagne;Ille-et-Vilaine;138154;3604;351861;2551;1254;833;49;498306
2018;Bretagne;Morbihan;108493;3421;277125;1602;804;595;40;392080
2018;Bretagne;Côtes-d'Armor;79423;2008;223116;1379;631;393;37;306987
2018;Bretagne;Finistère;138787;3516;335502;1961;960;664;33;481423
2018;Centre-Val de Loire;Loir-et-Cher;43867;1249;119997;683;475;271;20;166562
2018;Centre-Val de Loire;Loiret;97460;2813;234854;1460;1154;620;58;338419
2018;Centre-Val de Loire;Indre-et-Loire;90376;2883;192556;1665;859;497;35;288871
2018;Centre-Val de Loire;Eure-et-Loir;59437;1643;162282;981;552;434;11;225340
2018;Centre-Val de Loire;Indre;24254;758;80039;448;204;161;11;105875
2018;Centre-Val de Loire;Cher;39731;1042;106573;467;308;258;51;148430
2018;Corse;Corse-du-Sud;37648;520;49903;266;125;72;8;88542
2018;Corse;Haute-Corse;35725;579;59390;242;103;84;6;96129
2018;Grand Est;Bas-Rhin;183543;5917;382566;2044;1836;1182;187;577275
2018;Grand Est;Vosges;51398;881;139672;951;364;491;17;193774
2018;Grand Est;Marne;77305;2630;195145;1023;553;571;18;277245
2018;Grand Est;Meurthe-et-Moselle;110568;2505;256226;1543;700;650;37;372229
2018;Grand Est;Haute-Marne;21101;426;64151;481;127;158;2;86446
2018;Grand Est;Meuse;21862;508;69614;398;174;189;6;92751
2018;Grand Est;Aube;38905;1084;106205;621;268;313;14;147410
2018;Grand Est;Haut-Rhin;140919;3448;264829;1338;1338;1014;95;412981
2018;Grand Est;Moselle;167825;3204;392238;1706;1013;934;57;566977
2018;Grand Est;Ardennes;31662;710;101061;775;228;270;22;134728
2018;Hauts-de-France;Somme;70299;1559;208408;863;417;465;13;282024
2018;Hauts-de-France;Nord;339778;11069;856775;10337;2497;2310;221;1222987
2018;Hauts-de-France;Oise;186948;4107;385827;1712;796;819;72;580281
2018;Hauts-de-France;Aisne;70868;1271;203980;1097;513;467;17;278213
2018;Hauts-de-France;Pas-de-Calais;177142;3948;497600;3713;1291;1133;63;684890
2018;Normandie;Eure;77547;1860;220003;1210;757;545;31;301953
2018;Normandie;Orne;32016;1013;100484;593;284;239;13;134642
2018;Normandie;Manche;59212;1511;183216;1303;713;437;26;246418
2018;Normandie;Seine-Maritime;213790;3289;449002;2275;1747;1217;58;671378
2018;Normandie;Calvados;101750;3136;237457;1734;777;716;36;345606
2018;Nouvelle-Aquitaine;Landes;59679;1583;164826;1042;358;352;24;227864
2018;Nouvelle-Aquitaine;Pyrénées-Atlantiques;114701;3693;245039;1710;826;495;16;366480
2018;Nouvelle-Aquitaine;Dordogne;51122;1631;153615;1243;470;318;20;208419
2018;Nouvelle-Aquitaine;Vienne;55443;1829;153357;1255;819;328;37;213068
2018;Nouvelle-Aquitaine;Gironde;248333;7876;553131;4654;2314;1338;100;817746
2018;Nouvelle-Aquitaine;Deux-Sèvres;51027;1803;176290;910;568;399;56;231053
2018;Nouvelle-Aquitaine;Haute-Vienne;55424;1484;129889;685;428;287;24;188221
2018;Nouvelle-Aquitaine;Creuse;12250;266;43929;252;93;77;1;56868
2018;Nouvelle-Aquitaine;Corrèze;34992;704;91787;622;265;203;14;128587
2018;Nouvelle-Aquitaine;Lot-et-Garonne;40459;1229;128098;794;351;294;23;171248
2018;Nouvelle-Aquitaine;Charente;42112;1291;132882;746;429;282;12;177754
2018;Nouvelle-Aquitaine;Charente-Maritime;94825;3613;232578;1764;880;505;23;334188
2018;Occitanie;Hérault;171634;5121;398377;2470;1246;767;73;579688
2018;Occitanie;Pyrénées-Orientales;74771;1769;165473;757;419;312;16;243517
2018;Occitanie;Tarn;50844;1181;145515;1071;474;305;20;199410
2018;Occitanie;Ariège;17156;641;57608;473;142;93;29;76142
2018;Occitanie;Gard;110167;3087;270666;1571;853;538;34;386916
2018;Occitanie;Aveyron;32241;766;110277;557;266;288;14;144409
2018;Occitanie;Haute-Garonne;207655;6665;472219;3530;2187;1306;111;693673
2018;Occitanie;Lot;22034;676;66779;520;201;152;9;90371
2018;Occitanie;Aude;47647;1246;134901;686;347;243;13;185083
2018;Occitanie;Tarn-et-Garonne;28128;742;101155;754;297;205;10;131291
2018;Occitanie;Hautes-Pyrénées;31620;867;85422;777;268;147;15;119116
2018;Occitanie;Gers;20793;810;78706;442;229;156;41;101177
2018;Occitanie;Lozère;7923;185;30666;148;66;76;3;39067
2018;Pays de la Loire;Vendée;91411;3513;260157;1495;1155;620;20;358371
2018;Pays de la Loire;Mayenne;33764;845;110443;1111;277;253;21;146714
2018;Pays de la Loire;Sarthe;75287;2299;185915;1790;559;409;30;266289
2018;Pays de la Loire;Maine-et-Loire;97796;3165;272400;2090;1034;592;49;377126
2018;Pays de la Loire;Loire-Atlantique;210847;6198;458226;4217;1764;994;310;682556
2018;Provence-Alpes-Côte d'Azur;Alpes-Maritimes;255077;6542;306628;2224;2002;750;116;573339
2018;Provence-Alpes-Côte d'Azur;Vaucluse;88552;2457;215011;1495;729;478;37;308759
2018;Provence-Alpes-Côte d'Azur;Bouches-du-Rhône;335803;8489;674213;4246;2483;1392;221;1026847
2018;Provence-Alpes-Côte d'Azur;Hautes-Alpes;21478;656;51040;542;169;119;11;74015
2018;Provence-Alpes-Côte d'Azur;Alpes-de-Haute-Provence;24581;807;61406;527;199;149;6;87675
2018;Provence-Alpes-Côte d'Azur;Var;219193;5985;354684;2303;1399;751;52;584367
2018;Île-de-France;Essonne;222346;9774;403958;3029;1971;1435;58;642571
2018;Île-de-France;Val-d'Oise;186877;7546;362143;2398;1575;1266;52;561857
2018;Île-de-France;Seine-et-Marne;209319;9761;464704;3203;1607;1480;70;690144
2018;Île-de-France;Seine-Saint-Denis;152492;7767;376738;2289;1346;1317;95;542044
2018;Île-de-France;Paris;243994;15595;317999;1720;3064;2314;132;584818
2018;Île-de-France;Hauts-de-Seine;268421;19019;462424;1804;8723;2870;154;763415
2018;Île-de-France;Val-de-Marne;196873;9988;299139;2150;1241;1095;78;510564
2018;Île-de-France;Yvelines;318952;11238;481822;3478;3471;1772;123;820856
2019;Auvergne-Rhône-Alpes;Ain;116161;4113;228091;1166;1095;683;116;351425
2019;Auvergne-Rhône-Alpes;Allier;52047;1314;112329;757;407;346;24;167224
2019;Auvergne-Rhône-Alpes;Haute-Loire;32872;767;83346;668;264;244;27;118188
2019;Auvergne-Rhône-Alpes;Savoie;81617;3003;155946;1098;804;503;46;243017
2019;Auvergne-Rhône-Alpes;Rhône;301835;11242;541211;3936;3470;1985;184;863863
2019;Auvergne-Rhône-Alpes;Ardèche;51002;1296;111739;819;604;271;18;165749
2019;Auvergne-Rhône-Alpes;Puy-de-Dôme;106151;3192;224515;1603;900;685;39;337085
2019;Auvergne-Rhône-Alpes;Haute-Savoie;185343;8426;287252;2049;2057;1001;92;486220
2019;Auvergne-Rhône-Alpes;Loire;115093;2367;256260;1699;930;747;80;377176
2019;Auvergne-Rhône-Alpes;Drôme;83617;2722;188777;1338;1094;522;43;278113
2019;Auvergne-Rhône-Alpes;Cantal;20174;660;51802;295;138;110;4;73183
2019;Auvergne-Rhône-Alpes;Isère;214171;7198;431534;3624;2479;1299;158;660463
2019;Bourgogne-Franche-Comté;Doubs;92962;2328;196257;1066;755;914;28;294310
2019;Bourgogne-Franche-Comté;Côte-d'Or;83493;3101;171918;1169;691;516;27;260915
2019;Bourgogne-Franche-Comté;Haute-Saône;32830;548;90236;454;208;278;11;124565
2019;Bourgogne-Franche-Comté;Yonne;44217;1792;117405;829;445;314;15;165017
2019;Bourgogne-Franche-Comté;Jura;41554;1094;97076;882;357;355;63;141381
2019;Bourgogne-Franche-Comté;Nièvre;28865;1012;69641;409;185;176;50;100338
2019;Bourgogne-Franche-Comté;Saône-et-Loire;83880;2209;188108;1214;605;545;51;276612
2019;Bourgogne-Franche-Comté;Territoire de Belfort;26173;485;43523;261;145;199;6;70792
2019;Bretagne;Ille-et-Vilaine;150729;5011;344105;2560;1720;928;49;505102
2019;Bretagne;Morbihan;118317;4791;269980;1562;1053;662;41;396406
2019;Bretagne;Côtes-d'Armor;86307;2777;218137;1346;822;457;33;309879
2019;Bretagne;Finistère;149881;4961;324633;1944;1261;735;31;483446
2019;Centre-Val de Loire;Loir-et-Cher;46365;1603;116450;675;601;292;23;166009
2019;Centre-Val de Loire;Loiret;102671;3748;227047;1412;1291;617;49;336835
2019;Centre-Val de Loire;Indre-et-Loire;96127;3740;185855;1626;1152;510;29;289039
2019;Centre-Val de Loire;Eure-et-Loir;63280;2256;156036;894;755;455;12;223688
2019;Centre-Val de Loire;Indre;25850;958;77376;431;261;162;11;105049
2019;Centre-Val de Loire;Cher;42127;1451;103148;442;365;263;47;147843
2019;Corse;Corse-du-Sud;39790;787;48117;243;189;70;8;89204
2019;Corse;Haute-Corse;40142;807;57263;214;154;111;6;98697
2019;Grand Est;Bas-Rhin;193978;7539;368083;1951;2306;1222;194;575273
2019;Grand Est;Vosges;55076;1196;135199;878;460;483;13;193305
2019;Grand Est;Marne;83136;3539;187851;959;721;583;18;276807
2019;Grand Est;Meurthe-et-Moselle;116628;3369;247360;1494;919;677;33;370480
2019;Grand Est;Haute-Marne;22902;599;61901;459;171;163;2;86197
2019;Grand Est;Meuse;23432;689;67676;380;223;200;6;92606
2019;Grand Est;Aube;41110;1468;103275;580;354;335;14;147136
2019;Grand Est;Haut-Rhin;145934;4550;256688;1263;1743;1011;100;411289
2019;Grand Est;Moselle;175632;4365;379533;1638;1252;965;56;563441
2019;Grand Est;Ardennes;33482;1012;97279;735;384;268;23;133183
2019;Hauts-de-France;Somme;80807;2304;205674;823;536;463;15;290622
2019;Hauts-de-France;Nord;367215;15018;822609;9961;3294;2324;227;1220648
2019;Hauts-de-France;Oise;205275;5593;360845;1629;1179;1014;71;575606
2019;Hauts-de-France;Aisne;77688;1850;196779;1050;602;568;17;278554
2019;Hauts-de-France;Pas-de-Calais;195058;5524;480595;3589;1625;1175;62;687628
2019;Normandie;Eure;83926;2580;213754;1166;942;557;25;302950
2019;Normandie;Orne;34127;1292;97613;591;381;261;10;134275
2019;Normandie;Manche;64659;2135;180282;1256;939;469;27;249767
2019;Normandie;Seine-Maritime;221931;4936;427927;2164;2159;1180;53;660350
2019;Normandie;Calvados;109919;4237;230682;1668;995;753;33;348287
2019;Nouvelle-Aquitaine;Landes;65454;2296;161222;1007;490;373;22;230864
2019;Nouvelle-Aquitaine;Pyrénées-Atlantiques;122359;4855;236780;1649;1040;529;17;367229
2019;Nouvelle-Aquitaine;Dordogne;55363;2134;148547;1167;623;351;17;208202
2019;Nouvelle-Aquitaine;Vienne;61279;2554;148301;1203;967;347;34;214685
2019;Nouvelle-Aquitaine;Gironde;265971;11282;537596;4499;3011;1390;91;823840
2019;Nouvelle-Aquitaine;Deux-Sèvres;55156;2417;172895;916;706;437;36;232563
2019;Nouvelle-Aquitaine;Haute-Vienne;59063;1971;125531;669;520;309;22;188085
2019;Nouvelle-Aquitaine;Creuse;13253;397;42843;236;121;85;1;56936
2019;Nouvelle-Aquitaine;Corrèze;37188;984;88845;596;336;209;22;128180
2019;Nouvelle-Aquitaine;Lot-et-Garonne;43810;1645;124060;747;505;330;21;171118
2019;Nouvelle-Aquitaine;Charente;45620;1800;129166;743;596;285;13;178223
2019;Nouvelle-Aquitaine;Charente-Maritime;103815;4974;226802;1670;1179;554;22;339016
2019;Occitanie;Hérault;183071;7053;387955;2376;1677;821;71;583024
2019;Occitanie;Pyrénées-Orientales;79872;2440;161416;745;561;334;12;245380
2019;Occitanie;Tarn;55634;1705;141990;1047;654;340;22;201392
2019;Occitanie;Ariège;18750;815;56046;456;192;113;30;76402
2019;Occitanie;Gard;116428;4406;261929;1548;1158;581;28;386078
2019;Occitanie;Aveyron;35132;1031;107870;538;334;303;14;145222
2019;Occitanie;Haute-Garonne;225715;9096;455983;3472;3089;1361;112;698828
2019;Occitanie;Lot;23635;892;64766;507;267;171;10;90248
2019;Occitanie;Aude;51504;1814;131203;670;465;270;12;185938
2019;Occitanie;Tarn-et-Garonne;30786;1020;99181;724;403;240;11;132365
2019;Occitanie;Hautes-Pyrénées;34279;1169;81784;722;350;160;14;118478
2019;Occitanie;Gers;22733;1028;76755;438;347;162;37;101500
2019;Occitanie;Lozère;8579;247;29812;132;90;75;3;38938
2019;Pays de la Loire;Vendée;99973;4812;255725;1448;1393;657;22;364030
2019;Pays de la Loire;Mayenne;36758;1172;107459;1128;390;282;22;147211
2019;Pays de la Loire;Sarthe;80548;3034;180087;1736;705;466;31;266607
2019;Pays de la Loire;Maine-et-Loire;105162;4287;266901;2063;1364;644;51;380472
2019;Pays de la Loire;Loire-Atlantique;226570;8675;446887;4173;2307;1084;306;690002
2019;Provence-Alpes-Côte d'Azur;Alpes-Maritimes;260244;8523;291546;2093;2762;729;114;566011
2019;Provence-Alpes-Côte d'Azur;Vaucluse;93979;3304;207158;1431;965;487;34;307358
2019;Provence-Alpes-Côte d'Azur;Bouches-du-Rhône;353493;11696;650564;4083;3410;1433;220;1024899
2019;Provence-Alpes-Côte d'Azur;Hautes-Alpes;22644;888;49237;506;197;124;8;73604
2019;Provence-Alpes-Côte d'Azur;Alpes-de-Haute-Provence;25968;1142;59218;499;262;157;7;87253
2019;Provence-Alpes-Côte d'Azur;Var;231101;8052;342228;2211;1814;794;38;586238
2019;Île-de-France;Essonne;233407;12402;387620;2942;2569;1437;55;640432
2019;Île-de-France;Val-d'Oise;192024;9809;350258;2293;2157;1325;55;557921
2019;Île-de-France;Seine-et-Marne;223990;12576;448819;3086;2245;1516;82;692314
2019;Île-de-France;Seine-Saint-Denis;154608;9851;369902;2271;1754;1419;100;539905
2019;Île-de-France;Paris;245085;19568;300052;1670;4690;2067;138;573270
2019;Île-de-France;Hauts-de-Seine;279118;23093;441906;1735;10972;2448;161;759433
2019;Île-de-France;Val-de-Marne;200066;12620;285431;2075;1633;1105;75;503005
2019;Île-de-France;Yvelines;332605;14205;468953;3266;5065;1694;118;825906
