D2.2-b1 Émissions de NOx du transport routier par type de véhicule et motorisation ;;;;;;;;;;;;;;;;;;;;;;;;;;;;;
;;;;;;;;;;;;;;;;;;;;;;;;;;;;;en milliers de tonnes
;1990;1991;1992;1993;1994;1995;1996;1997;1998;1999;2000;2001;2002;2003;2004;2005;2006;2007;2008;2009;2010;2011;2012;2013;2014;2015;2016;2017;2018
Voitures particulières;705;695;698;660;617;570;534;493;466;436;407;381;354;331;308;281;263;253;243;241;238;229;229;225;226;228;226;218;206
Diesel;59;65;71;77;85;96;103;108;116;124;131;145;155;167;173;176;181;186;191;200;204;202;207;207;210;215;214;207;197
Essence;644;628;625;581;531;473;430;382;346;307;271;232;195;161;134;104;82;66;52;41;33;27;21;18;16;13;12;10;9
GPL;2,2;2,0;1,7;1,4;1,2;0,9;1,5;2,6;4,1;4,9;4,7;4,1;3,3;2,6;2,1;1,7;1,4;1,1;0,9;0,7;0,7;0,7;0,5;0,4;0,4;0,3;0,2;0,2;0,1
GNV;0,001;0,001;0,001;0,005;0,003;0,001;0,002;0,001;0,001;0,001;0,002;0,011;0,022;0,017;0,020;0,021;0,024;0,018;0,021;0,018;0,016;0,023;0,022;0,022;0,014;0,012;0,009;0,006;0,005
Electriques;0;0;0;0;0;0;0;0;0;0;0;0;0;0;0;0;0;0;0;0;0;0;0;0;0;0;0;0;0
Véhicules utilitaires;183;188;188;185;184;175;168;165;159;154;148;147;144;139;133;127;121;113;106;104;105;102;103;108;113;120;123;128;125
Diesel;86;96;105;113;116;117;115;114;111;111;109;111;110;110;106;106;103;99;97;97;99;99;100;106;112;118;122;127;124
Essence;97;92;82;71;68;57;54;51;48;44;39;37;33;29;26;21;18;14;9;7;5;4;3;2;2;1;1;1;1
Electriques;0;0;0;0;0;0;0;0;0;0;0;0;0;0;0;0;0;0;0;0;0;0;0;0;0;0;0;0;0
Poids lourds;347;359;375;369;375;370;364;372;374;377;374;369;362;344;347;335;327;317;273;236;235;227;201;189;169;146;124;107;87
Diesel;347;359;374;369;375;370;364;372;373;376;374;369;361;344;347;335;327;317;273;235;235;226,9;201;189;168;145;123;107;87
Essence;0,29;0,29;0,28;0,26;0,25;0,24;0,23;0,24;0,24;0,24;0,25;0,23;0,25;0,22;0,23;0,24;0,22;0,16;0,14;0,12;0,11;0,10;0,08;0,07;0,03;0,03;0,01;0,00;0,00
GNV;0;0;0;0,01;0;0;0;0;0;0;0;0,05;0,06;0,08;0,09;0,11;0,15;0,17;0,21;0,20;0,22;0,39;0,43;0,50;0,57;0,58;0,61;0,67;0,79
Electriques;0;0;0;0;0;0;0;0;0;0;0;0;0;0;0;0;0;0;0;0;0;0;0;0;0;0;0;0;0
Deux roues;1,0;1,1;1,2;1,7;1,6;1,5;1,6;1,9;2,5;2,7;3,1;3,5;3,9;4,0;4,4;4,5;4,4;4,6;4,6;4,8;4,7;4,6;4,6;4,5;4,4;4,3;4,2;4,1;4,0
Essence;1,0;1,1;1,2;1,5;1,4;1,3;1,3;1,6;2,1;2,3;2,7;3,1;3,5;3,6;3,9;4,0;3,9;4,1;4,1;4,2;4,0;3,9;3,8;3,7;3,7;3,6;3,5;3,4;3,3
Diesel;0;0;0,040;0,11;0,17;0,22;0,27;0,32;0,36;0,39;0,42;0,43;0,44;0,44;0,44;0,45;0,48;0,52;0,57;0,63;0,69;0,74;0,80;0,80;0,76;0,74;0,72;0,71;0,72
Electriques;0;0;0;0;0;0;0;0;0;0;0;0;0;0;0;0;0;0;0;0;0;0;0;0;0;0;0;0;0
Ensemble des véhicules;1237;1244;1262;1215;1178;1117;1068;1032;1001;969;933;901;863;818;793;748;716;688;627;586;582;564;538;528;513;498;477;457;422
Diesel;493;520;551;560;576;584;582;595;601;611;615;626;628;621;626;617;611;603;560;533;539;529;510;502;491;479;460;442;408
Essence;742;722;709;654;600;532;485;434;396;353;313;272;232;194;164;129;103;84;65;52;42;34;28;24;22;18;16;15;13
Autres;2,2;2,0;1,7;1,4;1,2;0,9;1,5;2,6;4,1;5,0;4,7;4,1;3,3;2,7;2,2;1,8;1,5;1,3;1,1;0,9;0,9;1,1;1,0;1,0;0,9;0,9;0,8;0,8;0,9
;;;;;;;;;;;;;;;;;;;;;;;;;;;;;
Source : Citepa,  avril 2020 - Format Secten;;;;;;;;;;;;;;;;;;;;;;;;;;;;;
;;;;;;;;;;;;;;;;;;;;;;;;;;;;;
;;;;;;;;;;;;;;;;;;;;;;;;;;;;;
D2.2-b2 Émissions de COVNM du transport routier par type de véhicule et motorisation ;;;;;;;;;;;;;;;;;;;;;;;;;;;;;
;;;;;;;;;;;;;;;;;;;;;;;;;;;;;en milliers de tonnes
;1990;1991;1992;1993;1994;1995;1996;1997;1998;1999;2000;2001;2002;2003;2004;2005;2006;2007;2008;2009;2010;2011;2012;2013;2014;2015;2016;2017;2018
Voitures particulières;723;706;704;659;592;546;489;444;401;370;311;278;239;205;175;142;115;96;79;66;58;47;41;36;32;31;28;27;25
Diesel;14;16;16;16;15;16;16;15;15;14;12;12;12;11;11;10;9;9;9;9;9;7;7;6;5;5;4;4;3
Essence;708;690;688;642;577;530;473;427;384;353;297;263;225;192;162;130;104;86;69;57;48;39;33;29;26;26;24;23;22
GPL;0,73;0,73;0,61;0,55;0,46;0,41;0,71;1,36;2,23;2,94;2,82;2,72;2,29;1,96;1,73;1,58;1,35;1,17;1,04;0,89;1,04;0,96;0,87;0,72;0,56;0,53;0,46;0,40;0,34
GNV;0;0;0;0,02;0,01;0;0,01;0;0;0;0;0;0,07;0,05;0,06;0,06;0,07;0,05;0,06;0,05;0,04;0,06;0,06;0,06;0,04;0,04;0,03;0,02;0,02
Electriques;0;0;0;0;0;0;0;0;0;0;0;0;0;0;0;0;0;0;0;0;0;0;0;0;0;0;0;0;0
Véhicules utilitaires;115;111;103;92;89;79;75;72;68;65;58;56;52;48;43;37;33;28;22;19;17;14;12;10;9;8;7;6;5
Diesel;7,4;8,5;9,1;9,9;9,8;10,4;11,3;11,6;11,7;12,0;11,3;12,0;12,0;11,9;11,6;11,6;11,0;10,5;9,7;9,1;9,2;8,2;7,7;6,7;5,6;5,0;4,3;3,7;3,0
Essence;107;103;93;82;79;68;64;61;57;53;46;44;40;36;31;26;22;17;12;10;8;6;5;4;3;3;2;2;2
Electriques;0;0;0;0;0;0;0;0;0;0;0;0;0;0;0;0;0;0;0;0;0;0;0;0;0;0;0;0;0
Poids lourds;31;32;34;33;33;31;29;30;27;26;24;21;20;18;18;18;17;15;12;9;9;8;6;6;5;4;4;3;3
Diesel;30;32;33;33;33;30;29;30;27;26;24;21;20;18;18;18;17;15;12;9;8;8;6;5;5;4;3;3;3
Essence;0,28;0,27;0,26;0,25;0,23;0,22;0,22;0,22;0,22;0,22;0,21;0,19;0,21;0,19;0,20;0,20;0,19;0,14;0,12;0,10;0,10;0,09;0,07;0,06;0,03;0,02;0,01;0;0
GNV;0;0;0;0;0;0;0;0;0;0;0;0,02;0,03;0,04;0,04;0,0;0,1;0,1;0,1;0,1;0,1;0,1;0,1;0,1;0,1;0,1;0,1;0,1;0,1
Electriques;0;0;0;0;0;0;0;0;0;0;0;0;0;0;0;0;0;0;0;0;0;0;0;0;0;0;0;0;0
Deux roues;41;39;38;45;38;32;31;37;44;43;44;43;42;38;37;34;31;29;28;28;26;26;25;24;23;22;21;20;19
Essence;41;39;38;45;38;32;31;37;44;43;44;43;42;38;37;34;31;29;28;28;26;26;24;23;23;22;21;20;19
Diesel;0;0;0;0,02;0,03;0,04;0,05;0,06;0,07;0,07;0,08;0,08;0,08;0,08;0,08;0,08;0,09;0,10;0,11;0,12;0,13;0,14;0,15;0,15;0,15;0,14;0,14;0,13;0,13
Electriques;0;0;0;0;0;0;0;0;0;0;0;0;0;0;0;0;0;0;0;0;0;0;0;0;0;0;0;0;0
Ensemble des véhicules;909;889;879;829;752;688;625;583;540;504;436;399;353;309;272;231;196;168;141;123;110;95;84;75;68;64;59;56;52
Diesel;52;56;58;59;57;56;56;57;53;52;47;45;43;41;40;39;37;35;30;27;26;23;21;18;15;14;12;11;9
Essence;857;832;820;769;695;631;568;525;485;450;387;350;307;266;230;190;157;132;110;95;82;71;62;57;52;50;47;45;43
Autres;0,74;0,73;0,62;0,57;0,47;0,42;0,71;1,36;2,24;2,94;2,83;2,78;2,39;2,05;1,83;1,70;1,48;1,28;1,17;1,01;1,15;1,12;1,04;0,90;0,71;0,67;0,57;0,49;0,42
;;;;;;;;;;;;;;;;;;;;;;;;;;;;;
Source : Citepa,  avril 2020 - Format Secten;;;;;;;;;;;;;;;;;;;;;;;;;;;;;
;;;;;;;;;;;;;;;;;;;;;;;;;;;;;
;;;;;;;;;;;;;;;;;;;;;;;;;;;;;
D2.2-b3 Émissions de CO du transport routier par type de véhicule et motorisation ;;;;;;;;;;;;;;;;;;;;;;;;;;;;;
;;;;;;;;;;;;;;;;;;;;;;;;;;;;;en milliers de tonnes
;1990;1991;1992;1993;1994;1995;1996;1997;1998;1999;2000;2001;2002;2003;2004;2005;2006;2007;2008;2009;2010;2011;2012;2013;2014;2015;2016;2017;2018
Voitures particulières;4528;4454;4302;4037;3406;3259;2937;2604;2369;2184;1786;1628;1400;1218;1097;883;723;647;544;440;382;300;260;229;190;205;193;184;171
Diesel;56;62;66;70;70;75;78;77;75;73;63;62;58;56;51;47;44;43;41;41;40;36;33;28;26;25;23;23;21
Essence;4465;4385;4230;3961;3332;3179;2853;2515;2275;2087;1698;1543;1323;1147;1033;824;669;596;495;393;335;258;221;196;160;177;167;159;148
GPL;7,6;7,3;6,2;5,5;4,5;3,8;6,3;11,6;19,5;24,5;25,2;22,8;18,8;15,5;13,3;11,5;9,7;8,4;7,4;6,1;6,6;6,2;5,4;4,5;3,5;3,3;2,8;2,3;1,9
GNV;0;0;0;0;0,02;0,01;0,01;0;0;0;0,01;0,07;0,14;0,11;0,14;0,16;0,17;0,14;0,17;0,15;0,14;0,20;0,20;0,21;0,13;0,14;0,11;0,09;0,08
Electriques;0;0;0;0;0;0;0;0;0;0;0;0;0;0;0;0;0;0;0;0;0;0;0;0;0;0;0;0;0
Véhicules utilitaires;858;869;791;721;681;612;586;547;515;477;409;396;356;323;288;247;216;191;150;143;135;109;99;85;70;64;56;50;43
Diesel;68;77;83;90;91;91;87;83;79;76;69;68;66;65;62;59;55;53;50;50;52;49;46;40;35;31;27;24;20
Essence;790;793;708;631;590;521;499;464;436;401;340;328;289;258;226;188;160;138;100;93;83;60;53;45;35;33;29;26;24
Electriques;0;0;0;0;0;0;0;0;0;0;0;0;0;0;0;0;0;0;0;0;0;0;0;0;0;0;0;0;0
Poids lourds;94;97;102;101;102;99;96;99;96;94;92;89;87;83;88;87;89;86;71;60;58;56;50;49;45;39;34;30;24
Diesel;94;97;102;101;101;98;96;98;96;93;92;88;86;83;88;87;89;86;71;60;57;55;50;49;45;39;34;29;24
Essence;0,28;0,27;0,27;0,25;0,24;0,23;0,22;0,23;0,23;0,23;0,23;0,21;0,23;0,20;0,22;0,22;0,20;0,15;0,13;0,11;0,10;0,09;0,07;0,06;0,03;0,03;0;0;0
GNV;0;0;0;0;0;0;0;0;0;0;0;0,08;0,08;0,11;0,11;0,11;0,13;0,14;0,15;0,14;0,13;0,20;0,20;0,21;0,22;0,21;0,20;0,19;0,21
Electriques;0;0;0;0;0;0;0;0;0;0;0;0;0;0;0;0;0;0;0;0;0;0;0;0;0;0;0;0;0
Deux roues;108;108;111;138;121;105;105;130;163;169;181;188;196;184;182;167;146;133;120;112;100;91;85;79;74;69;65;61;58
Essence;108;108;111;138;121;105;105;130;163;169;180;188;195;183;181;167;145;132;119;111;100;90;84;78;73;69;64;60;57
Diesel;0;0;0,046;0,12;0,19;0,25;0,31;0,37;0,41;0,45;0,47;0,49;0,50;0,50;0,50;0,51;0,54;0,59;0,65;0,71;0,78;0,84;0,90;0,91;0,86;0,85;0,84;0,85;0,87
Electriques;0;0;0;0;0;0;0;0;0;0;0;0;0;0;0;0;0;0;0;0;0;0;0;0;0;0;0;0;0
Ensemble des véhicules;5588;5529;5307;4997;4310;4075;3725;3379;3144;2924;2468;2301;2038;1809;1655;1385;1174;1057;885;755;674;556;494;441;379;378;349;324;296
Diesel;218;235;252;261;263;265;261;258;250;243;224;219;211;204;201;194;189;181;163;151;150;141;130;117;107;97;85;77;65
Essence;5363;5286;5049;4731;4042;3806;3458;3109;2874;2657;2219;2059;1808;1589;1441;1179;975;867;714;597;518;409;358;319;268;278;261;245;229
Autres;7,6;7,3;6,2;5,5;4,6;3,8;6,3;11,6;19,5;24,5;25,2;22,9;19,0;15,7;13,6;11,7;10,1;8,7;7,8;6,4;6,9;6,6;5,8;4,9;3,9;3,6;3,1;2,6;2,2
;;;;;;;;;;;;;;;;;;;;;;;;;;;;;
Source : Citepa,  avril 2020 - Format Secten;;;;;;;;;;;;;;;;;;;;;;;;;;;;;
;;;;;;;;;;;;;;;;;;;;;;;;;;;;;
;;;;;;;;;;;;;;;;;;;;;;;;;;;;;
D2.2-b4 Émissions de PM10 du transport routier par type de véhicule et motorisation ;;;;;;;;;;;;;;;;;;;;;;;;;;;;;
;;;;;;;;;;;;;;;;;;;;;;;;;;;;;en milliers de tonnes
;1990;1991;1992;1993;1994;1995;1996;1997;1998;1999;2000;2001;2002;2003;2004;2005;2006;2007;2008;2009;2010;2011;2012;2013;2014;2015;2016;2017;2018
Voitures particulières;34;37;38;38;37;38;38;36;36;35;32;32;30;30;29;25;25;24;24;24;24;22;21;20;19;19;18;17;16
Diesel;25;28;30;31;30;32;32;31;31;30;27;27;26;26;25;22;21;21;21;21;21;19;19;18;17;17;16;15;14
Essence;9,4;8,8;8,4;7,7;7,0;6,5;6,0;5,6;5,3;5,1;4,7;4,3;4,1;4,0;3,8;3,6;3,4;3,2;2,9;2,7;2,6;2,4;2,2;2,2;2,2;2,2;2,3;2,5;2,6
GPL;0,02;0,01;0,01;0,01;0,01;0,01;0,01;0,03;0,05;0,06;0,07;0,06;0,06;0,05;0,05;0,05;0,05;0,04;0,04;0,04;0,05;0,05;0,05;0,04;0,04;0,04;0,03;0,03;0,03
GNV;0;0;0;0;0;0;0;0;0;0;0;0;0;0;0;0;0;0;0;0;0;0;0;0;0;0;0;0;0
Electriques;0;0;0;0;0;0;0;0;0;0;0;0;0;0;0;0;0;0;0;0;0;0;0;0;0;0;0;0;0
Véhicules utilitaires;22;24;26;28;28;27;26;24;23;22;20;20;19;18;17;15;14;13;12;12;12;11;10;9;8;8;7;7;6
Diesel;20;23;25;27;27;27;25;24;23;21;20;19;18;18;17;15;14;13;12;11;11;10;10;9;8;8;7;6;6
Essence;1,6;1,4;1,2;1,0;1,0;0,8;0,8;0,7;0,7;0,6;0,6;0,5;0,5;0,5;0,5;0,5;0,6;0,6;0,5;0,5;0,5;0,5;0,4;0,4;0,4;0,4;0,4;0,4;0,4
Electriques;0;0;0;0;0;0;0;0;0;0;0;0;0;0;0;0;0;0;0;0;0;0;0;0;0;0;0;0;0
Poids lourds;17;18;18;18;18;18;18;18;17;16;15;14;13;12;12;12;11;11;9;7;7;7;6;6;6;5;5;5;4
Diesel;17;18;18;18;18;18;18;18;17;16;15;14;13;12;12;12;11;11;9;7;7;7;6;6;6;5;5;5;4
Essence;0,01;0,01;0,01;0,01;0,01;0,01;0,01;0,01;0,01;0,01;0,01;0,01;0,01;0;0,01;0,01;0;0;0;0;0;0;0;0;0;0;0;0;0
GNV;0;0;0;0;0;0;0;0;0;0;0;0;0;0;0;0;0;0;0;0;0;0,01;0,01;0,01;0,02;0,02;0,02;0,02;0,02
Electriques;0;0;0;0;0;0;0;0;0;0;0;0;0;0;0;0;0;0;0;0;0;0;0;0;0;0;0;0;0
Deux roues;0,89;0,84;0,83;1,01;0,86;0,75;0,74;0,88;1,05;1,04;1,05;1,04;1,02;0,91;0,86;0,79;0,72;0,69;0,67;0,69;0,67;0,66;0,65;0,63;0,60;0,58;0,56;0,54;0,52
Essence;0,89;0,84;0,82;0,97;0,81;0,68;0,66;0,78;0,93;0,92;0,93;0,91;0,90;0,80;0,76;0,69;0,62;0,58;0,56;0,56;0,53;0,51;0,49;0,47;0,45;0,44;0,42;0,41;0,40
Diesel;0;0;0,01;0,03;0,05;0,07;0,09;0,10;0,12;0,12;0,13;0,12;0,12;0,11;0,11;0,10;0,10;0,11;0,12;0,13;0,14;0,15;0,16;0,16;0,15;0,14;0,13;0,13;0,13
Electriques;0;0;0;0;0;0;0;0;0;0;0;0;0;0;0;0;0;0;0;0;0;0;0;0;0;0;0;0;0
Ensemble des véhicules;74;80;83;85;84;84;83;80;77;74;68;67;64;62;59;53;51;49;45;43;44;41;39;36;34;33;31;29;28
Diesel;62;69;73;76;75;76;76;73;70;68;62;61;58;56;54;48;46;44;41;40;40;37;35;33;31;29;28;26;24
Essence;12;11;10;10;9;8;7;7;7;7;6;6;6;5;5;5;5;4;4;4;4;3;3;3;3;3;3;3;3
Autres;0,02;0,01;0,01;0,01;0,01;0,01;0,01;0,03;0,05;0,06;0,07;0,07;0,06;0,06;0,05;0,05;0,05;0,05;0,05;0,04;0,05;0,07;0,07;0,07;0,07;0,07;0,07;0,08;0,09
;;;;;;;;;;;;;;;;;;;;;;;;;;;;;
Source : Citepa,  avril 2020 - Format Secten;;;;;;;;;;;;;;;;;;;;;;;;;;;;;
;;;;;;;;;;;;;;;;;;;;;;;;;;;;;
;;;;;;;;;;;;;;;;;;;;;;;;;;;;;
D2.2-b5 Émissions de PM2,5 du transport routier par type de véhicule et motorisation ;;;;;;;;;;;;;;;;;;;;;;;;;;;;;
;;;;;;;;;;;;;;;;;;;;;;;;;;;;;en milliers de tonnes
;1990;1991;1992;1993;1994;1995;1996;1997;1998;1999;2000;2001;2002;2003;2004;2005;2006;2007;2008;2009;2010;2011;2012;2013;2014;2015;2016;2017;2018
Voitures particulières;31;34;35;36;34;35;35;33;33;32;29;28;27;27;25;22;21;21;20;20;20;18;18;17;15;15;14;13;12
Diesel;24;27;29;30;29;30;31;29;29;28;26;26;24;24;23;20;19;19;18;18;19;17;16;15;14;14;13;12;11
Essence;7,4;6,8;6,4;5,7;5,1;4,6;4,2;3,8;3,6;3,4;3,1;2,7;2,6;2,4;2,3;2,2;2,0;1,9;1,8;1,6;1,6;1,5;1,3;1,3;1,3;1,3;1,4;1,5;1,6
GPL;0,01;0,01;0,01;0,01;0,01;0,00;0,01;0,02;0,03;0,04;0,04;0,04;0,03;0,03;0,03;0,03;0,03;0,02;0,02;0,02;0,03;0,03;0,03;0,02;0,02;0,02;0,02;0,02;0,02
GNV;0;0;0;0;0;0;0;0;0;0;0;0;0;0;0;0;0;0;0;0;0;0;0;0;0;0;0;0;0
Electriques;0;0;0;0;0;0;0;0;0;0;0;0;0;0;0;0;0;0;0;0;0;0;0;0;0;0;0;0;0
Véhicules utilitaires;21;23;25;27;27;26;25;23;22;21;19;19;18;17;16;14;13;12;11;10;10;9;9;8;7;7;6;5;5
Diesel;20;22;24;26;26;26;25;23;22;21;19;18;17;17;16;14;12;12;11;10;10;9;9;8;7;6;6;5;5
Essence;1,2;1,1;0,9;0,7;0,7;0,6;0,5;0,5;0,4;0,4;0,4;0,3;0,3;0,3;0,3;0,3;0,3;0,3;0,3;0,3;0,3;0,3;0,2;0,2;0,2;0,2;0,2;0,2;0,2
Electriques;0;0;0;0;0;0;0;0;0;0;0;0;0;0;0;0;0;0;0;0;0;0;0;0;0;0;0;0;0,01
Poids lourds;16;16;17;17;17;17;16;17;16;15;14;13;12;11;11;10;10;9;7;6;6;6;5;5;4;4;3;3;3
Diesel;16;16;17;17;17;17;16;17;16;15;13;13;12;11;11;10;10;9;7;6;6;6;5;5;4;4;3;3;3
Essence;0;0;0;0;0;0;0;0;0;0;0;0;0;0;0;0;0;0;0;0;0;0;0;0;0;0;0;0;0
GNV;0;0;0;0;0;0;0;0;0;0;0;0;0;0;0;0;0;0;0;0;0;0;0;0;0;0;0;0;0
Electriques;0;0;0;0;0;0;0;0;0;0;0;0;0;0;0;0;0;0;0;0;0;0;0;0;0;0;0;0;0
Deux roues;0,86;0,81;0,80;0,97;0,83;0,72;0,72;0,85;1,01;1,00;1,00;0,98;0,96;0,85;0,80;0,73;0,65;0,62;0,60;0,60;0,58;0,57;0,56;0,54;0,52;0,49;0,48;0,46;0,44
Essence;0,86;0,81;0,79;0,94;0,78;0,65;0,63;0,75;0,89;0,88;0,88;0,86;0,84;0,74;0,70;0,63;0,55;0,51;0,49;0,48;0,45;0,43;0,41;0,39;0,37;0,36;0,35;0,33;0,32
Diesel;0;0;0,01;0,03;0,05;0,07;0,09;0,10;0,11;0,12;0,12;0,12;0,12;0,11;0,10;0,10;0,10;0,10;0,11;0,12;0,13;0,14;0,15;0,15;0,14;0,14;0,13;0,12;0,12
Electriques;0;0;0;0;0;0;0;0;0;0;0;0;0;0;0;0;0;0;0;0;0;0;0;0;0;0;0;0;0
Ensemble des véhicules;69;75;78;80;78;79;78;74;72;68;62;61;58;55;53;47;44;42;39;37;37;34;32;30;27;26;24;23;21
Diesel;59;66;70;73;72;73;72;69;67;64;58;57;54;52;49;43;41;39;36;35;35;32;30;28;25;24;22;20;18
Essence;9,4;8,7;8,1;7,4;6,5;5,8;5,4;5,1;4,9;4,7;4,3;3,9;3,7;3,5;3,4;3,1;2,9;2,8;2,5;2,4;2,3;2,1;2,0;1,9;1,9;1,9;2,0;2,0;2,1
Autres;0,01;0,01;0,01;0,01;0,01;0,00;0,01;0,02;0,03;0,04;0,04;0,04;0,03;0,03;0,03;0,03;0,03;0,03;0,03;0,02;0,03;0,04;0,04;0,04;0,04;0,04;0,04;0,04;0,05
;;;;;;;;;;;;;;;;;;;;;;;;;;;;;
Source : Citepa,  avril 2020 - Format Secten;;;;;;;;;;;;;;;;;;;;;;;;;;;;;
;;;;;;;;;;;;;;;;;;;;;;;;;;;;;
;;;;;;;;;;;;;;;;;;;;;;;;;;;;;
D2.2-b6 Émissions de PM1 du transport routier par type de véhicule et motorisation ;;;;;;;;;;;;;;;;;;;;;;;;;;;;;
;;;;;;;;;;;;;;;;;;;;;;;;;;;;;en milliers de tonnes
;1990;1991;1992;1993;1994;1995;1996;1997;1998;1999;2000;2001;2002;2003;2004;2005;2006;2007;2008;2009;2010;2011;2012;2013;2014;2015;2016;2017;2018
Voitures particulières;25;28;29;29;28;29;29;27;27;25;23;23;21;21;19;16;16;15;15;15;15;13;12;11;10;10;9;8;8
Diesel;22;24;26;27;25;27;27;26;25;24;22;22;21;20;19;16;15;15;14;14;14;13;12;11;10;10;9;8;7
Essence;3,9;3,5;3,1;2,7;2,3;2,0;1,7;1,4;1,3;1,1;0,9;0,7;0,6;0,6;0,6;0,5;0,5;0,5;0,4;0,4;0,4;0,3;0,3;0,3;0,3;0,3;0,3;0,3;0,4
GPL;0;0;0;0;0;0;0;0;0;0;0;0;0;0;0;0;0;0;0;0;0;0;0;0;0;0;0;0;0
GNV;0;0;0;0;0;0;0;0;0;0;0;0;0;0;0;0;0;0;0;0;0;0;0;0;0;0;0;0;0
Electriques;0;0;0;0;0;0;0;0;0;0;0;0;0;0;0;0;0;0;0;0;0;0;0;0;0;0;0;0;0
Véhicules utilitaires;18;21;22;24;24;23;22;20;20;18;17;16;15;15;14;12;11;10;9;8;8;7;7;6;5;5;4;4;3
Diesel;17;20;22;23;23;23;22;20;19;18;17;16;15;15;14;12;11;10;9;8;8;7;7;6;5;5;4;3;3
Essence;0,56;0,50;0,41;0,33;0,29;0,24;0,21;0,18;0,17;0,15;0,12;0,08;0,08;0,08;0,08;0,07;0,08;0,08;0,06;0,06;0,06;0,06;0,05;0,05;0,05;0,05;0,05;0,05;0,05
Electriques;0;0;0;0;0;0;0;0;0;0;0;0;0;0;0;0;0;0;0;0;0;0;0;0;0;0;0;0;0
Poids lourds;13;14;14;14;14;14;14;14;13;12;11;10;9;9;8;8;7;7;5;4;4;4;3;3;2;2;2;2;1
Diesel;13;14;14;14;14;14;14;14;13;12;11;10;9;9;8;8;7;7;5;4;4;4;3;3;2;2;2;2;1
Essence;0;0;0;0;0;0;0;0;0;0;0;0;0;0;0;0;0;0;0;0;0;0;0;0;0;0;0;0;0
GNV;0;0;0;0;0;0;0;0;0;0;0;0;0;0;0;0;0;0;0;0;0;0;0;0;0;0;0;0;0
Electriques;0;0;0;0;0;0;0;0;0;0;0;0;0;0;0;0;0;0;0;0;0;0;0;0;0;0;0;0;0
Deux roues;0,62;0,59;0,59;0,71;0,61;0,54;0,53;0,63;0,75;0,74;0,74;0,72;0,70;0,62;0,57;0,52;0,46;0,43;0,41;0,41;0,40;0,39;0,39;0,37;0,35;0,33;0,32;0,30;0,29
Essence;0,62;0,59;0,57;0,68;0,56;0,47;0,46;0,54;0,64;0,63;0,63;0,61;0,59;0,52;0,48;0,43;0,37;0,34;0,31;0,30;0,28;0,27;0,25;0,24;0,22;0,21;0,20;0,19;0,18
Diesel;0;0;0,01;0,03;0,05;0,06;0,08;0,09;0,10;0,11;0,11;0,11;0,11;0,10;0,09;0,09;0,09;0,09;0,10;0,11;0,12;0,13;0,14;0,14;0,13;0,12;0,11;0,11;0,11
Electriques;0;0;0;0;0;0;0;0;0;0;0;0;0;0;0;0;0;0;0;0;0;0;0;0;0;0;0;0;0
Ensemble des véhicules;57;63;66;68;66;67;66;62;60;57;51;50;47;45;42;36;34;32;29;28;28;24;23;21;18;17;15;14;12
Diesel;52;58;62;64;63;64;63;60;58;55;50;48;45;44;41;35;33;31;29;27;27;24;22;20;18;16;15;13;11
Essence;5,0;4,6;4,1;3,7;3,1;2,7;2,4;2,2;2,1;1,9;1,7;1,4;1,3;1,2;1,1;1,0;0,9;0,9;0,8;0,8;0,7;0,7;0,6;0,6;0,6;0,6;0,6;0,6;0,6
Autres;0;0;0;0;0;0;0;0;0;0;0;0;0;0;0;0;0;0;0;0;0;0;0;0;0;0;0;0;0
;;;;;;;;;;;;;;;;;;;;;;;;;;;;;
Source : Citepa,  avril 2020 - Format Secten;;;;;;;;;;;;;;;;;;;;;;;;;;;;;
;;;;;;;;;;;;;;;;;;;;;;;;;;;;;
;;;;;;;;;;;;;;;;;;;;;;;;;;;;;
D2.2-b7 Émissions de BC du transport routier par type de véhicule et motorisation ;;;;;;;;;;;;;;;;;;;;;;;;;;;;;
;;;;;;;;;;;;;;;;;;;;;;;;;;;;;en milliers de tonnes
;1990;1991;1992;1993;1994;1995;1996;1997;1998;1999;2000;2001;2002;2003;2004;2005;2006;2007;2008;2009;2010;2011;2012;2013;2014;2015;2016;2017;2018
Voitures particulières;14;15;16;17;17;18;18;18;18;17;16;16;16;16;15;13;12;12;12;13;13;11;11;9,9;9,0;8,5;8,0;7,2;6,4
Diesel;13;15;16;16;16;17;18;17;17;17;15;16;15;15;15;13;12;12;12;12;13;11;11;9,8;8,8;8,4;7,8;7,0;6,2
Essence;0,75;0,74;0,72;0,67;0,60;0,55;0,51;0,47;0,44;0,41;0,37;0,31;0,29;0,28;0,27;0,25;0,23;0,21;0,19;0,18;0,17;0,15;0,14;0,14;0,13;0,13;0,14;0,15;0,16
GPL;0;0;0;0;0;0;0;0;0;0;0;0;0;0;0;0;0;0;0;0;0;0;0;0;0;0;0;0;0
GNV;0;0;0;0;0;0;0;0;0;0;0;0;0;0;0;0;0;0;0;0;0;0;0;0;0;0;0;0;0
Electriques;0;0;0;0;0;0;0;0;0;0;0;0;0;0;0;0;0;0;0;0;0;0;0;0;0;0;0;0;0
Véhicules utilitaires;11;12;13;14;14;14;14;13;12;12;11;11;11;11;10;8,8;8,2;7,7;7,2;6,9;7,1;6,4;6,0;5,2;4,5;4,1;3,5;3,1;2,6
Diesel;10;12;13;14;14;14;14;13;12;12;11;11;11;11;10;8,8;8,2;7,7;7,1;6,9;7,1;6,4;6,0;5,2;4,5;4,0;3,5;3,1;2,6
Essence;0,12;0,11;0,10;0,09;0,08;0,07;0,06;0,06;0,05;0,05;0,04;0,04;0,03;0,03;0,03;0,03;0,04;0,04;0,03;0,03;0,03;0,03;0,02;0,02;0,02;0,02;0,02;0,02;0,02
Electriques;0;0;0;0;0;0;0;0;0;0;0;0;0;0;0;0;0;0;0;0;0;0;0;0;0;0;0;0;0
Poids lourds;7,3;7,5;7,9;7,7;7,9;8,0;8,1;8,2;7,8;7,5;6,9;6,5;6,2;5,8;5,8;5,4;5,3;4,9;3,9;3,1;3,0;2,8;2,3;2,1;1,8;1,6;1,3;1,1;0,94
Diesel;7,3;7,5;7,9;7,7;7,9;8,0;8,1;8,2;7,8;7,5;6,9;6,5;6,2;5,8;5,8;5,4;5,3;4,9;3,9;3,1;3,0;2,8;2,3;2,1;1,8;1,6;1,3;1,1;0,94
Essence;0;0;0;0;0;0;0;0;0;0;0;0;0;0;0;0;0;0;0;0;0;0;0;0;0;0;0;0;0
GNV;0;0;0;0;0;0;0;0;0;0;0;0;0;0;0;0;0;0;0;0;0;0;0;0;0;0;0;0;0
Electriques;0;0;0;0;0;0;0;0;0;0;0;0;0;0;0;0;0;0;0;0;0;0;0;0;0;0;0;0;0
Deux roues;0,09;0,09;0,09;0,11;0,09;0,08;0,08;0,10;0,11;0,12;0,12;0,13;0,13;0,12;0,12;0,12;0,11;0,11;0,11;0,12;0,11;0,11;0,11;0,11;0,11;0,10;0,10;0,09;0,09
Essence;0,09;0,09;0,09;0,10;0,08;0,07;0,07;0,08;0,10;0,10;0,10;0,11;0,11;0,10;0,10;0,10;0,09;0,09;0,09;0,09;0,08;0,08;0,08;0,07;0,07;0,07;0,07;0,06;0,06
Diesel;0;0;0;0;0;0,01;0,01;0,01;0,02;0,02;0,02;0,02;0,02;0,02;0,02;0,02;0,02;0,02;0,03;0,03;0,03;0,03;0,04;0,04;0,03;0,03;0,03;0,03;0,03
Electriques;0;0;0;0;0;0;0;0;0;0;0;0;0;0;0;0;0;0;0;0;0;0;0;0;0;0;0;0;0
Ensemble des véhicules;32;35;37;39;39;40;40;39;38;37;34;34;33;32;31;27;26;25;24;23;23;21;19;17;15;14;13;12;10,0
Diesel;31;34;36;38;38;39;39;38;37;36;34;34;32;32;31;27;26;25;23;22;23;20;19;17;15;14;13;11;9,7
Essence;0,96;0,94;0,91;0,86;0,76;0,69;0,64;0,60;0,59;0,56;0,52;0,45;0,44;0,42;0,40;0,38;0,35;0,34;0,31;0,29;0,28;0,26;0,24;0,23;0,23;0,22;0,23;0,23;0,24
Autres;0;0;0;0;0;0;0;0;0;0;0;0;0;0;0;0;0;0;0;0;0;0;0;0;0;0;0;0;0
;;;;;;;;;;;;;;;;;;;;;;;;;;;;;
Source : Citepa,  avril 2020 - Format Secten;;;;;;;;;;;;;;;;;;;;;;;;;;;;;
;;;;;;;;;;;;;;;;;;;;;;;;;;;;;
;;;;;;;;;;;;;;;;;;;;;;;;;;;;;
D2.2-b8 Émissions d'As du transport routier par type de véhicule et motorisation ;;;;;;;;;;;;;;;;;;;;;;;;;;;;;
;;;;;;;;;;;;;;;;;;;;;;;;;;;;;en tonnes
;1990;1991;1992;1993;1994;1995;1996;1997;1998;1999;2000;2001;2002;2003;2004;2005;2006;2007;2008;2009;2010;2011;2012;2013;2014;2015;2016;2017;2018
Voitures particulières;0,6;0,6;0,7;0,7;0,7;0,7;0,7;0,7;0,7;0,7;0,7;0,8;0,8;0,8;0,8;0,8;0,8;0,8;0,8;0,8;0,8;0,8;0,8;0,8;0,8;0,8;0,9;0,9;0,9
Diesel;0,2;0,2;0,2;0,2;0,2;0,3;0,3;0,3;0,3;0,4;0,4;0,4;0,4;0,4;0,5;0,5;0,5;0,5;0,5;0,6;0,6;0,6;0,6;0,6;0,6;0,6;0,7;0,6;0,6
Essence;0,5;0,4;0,5;0,4;0,4;0,4;0,4;0,4;0,4;0,4;0,4;0,4;0,4;0,3;0,3;0,3;0,3;0,3;0,2;0,2;0,2;0,2;0,2;0,2;0,2;0,2;0,2;0,2;0,2
GPL;0;0;0;0;0;0;0;0;0;0;0;0;0;0;0;0;0;0;0;0;0;0;0;0;0;0;0;0;0
GNV;0;0;0;0;0;0;0;0;0;0;0;0;0;0;0;0;0;0;0;0;0;0;0;0;0;0;0;0;0
Electriques;0;0;0;0;0;0;0;0;0;0;0;0;0;0;0;0;0;0;0;0;0;0;0;0;0;0;0;0;0
Véhicules utilitaires;0,15;0,15;0,16;0,16;0,16;0,16;0,16;0,16;0,17;0,17;0,17;0,17;0,18;0,18;0,19;0,19;0,19;0,19;0,19;0,20;0,20;0,21;0,21;0,22;0,22;0,22;0,22;0,23;0,23
Diesel;0,09;0,10;0,10;0,11;0,12;0,12;0,12;0,13;0,13;0,14;0,14;0,14;0,15;0,15;0,15;0,16;0,16;0,16;0,16;0,17;0,18;0,18;0,19;0,19;0,19;0,20;0,20;0,21;0,20
Essence;0,06;0,06;0,05;0,04;0,04;0,04;0,03;0,03;0,03;0,03;0,03;0,03;0,03;0,03;0,03;0,03;0,03;0,03;0,03;0,03;0,03;0,03;0,02;0,02;0,02;0,02;0,02;0,02;0,02
Electriques;0;0;0;0;0;0;0;0;0;0;0;0;0;0;0;0;0;0;0;0;0;0;0;0;0;0;0;0;0
Poids lourds;0,27;0,28;0,29;0,29;0,29;0,29;0,29;0,31;0,31;0,32;0,32;0,32;0,33;0,32;0,34;0,34;0,34;0,35;0,33;0,30;0,31;0,32;0,30;0,31;0,31;0,30;0,31;0,31;0,31
Diesel;0,27;0,28;0,29;0,28;0,29;0,29;0,29;0,31;0,31;0,32;0,32;0,32;0,33;0,32;0,34;0,34;0,34;0,35;0,32;0,30;0,31;0,32;0,30;0,31;0,30;0,30;0,31;0,31;0,31
Essence;0;0;0;0;0;0;0;0;0;0;0;0;0;0;0;0;0;0;0;0;0;0;0;0;0;0;0;0;0
GNV;0;0;0;0;0;0;0;0;0;0;0;0;0;0;0;0;0;0;0;0;0;0;0;0;0;0;0;0;0
Electriques;0;0;0;0;0;0;0;0;0;0;0;0;0;0;0;0;0;0;0;0;0;0;0;0;0;0;0;0;0
Deux roues;0;0;0;0,01;0,01;0;0;0,01;0,01;0,01;0,01;0,01;0,01;0,01;0,01;0,01;0,01;0,01;0,01;0,01;0,01;0,01;0,01;0,01;0,01;0,01;0,01;0,01;0,01
Essence;0;0;0;0,01;0,01;0;0;0,01;0,01;0,01;0,01;0,01;0,01;0,01;0,01;0,01;0,01;0,01;0,01;0,01;0,01;0,01;0,01;0,01;0,01;0,01;0,01;0,01;0,01
Diesel;0;0;0;0;0;0;0;0;0;0;0;0;0;0;0;0;0;0;0;0;0;0;0;0;0;0;0;0;0
Electriques;0;0;0;0;0;0;0;0;0;0;0;0;0;0;0;0;0;0;0;0;0;0;0;0;0;0;0;0;0
Ensemble des véhicules;1,0;1,1;1,1;1,1;1,1;1,1;1,2;1,2;1,2;1,2;1,2;1,3;1,3;1,3;1,3;1,3;1,3;1,3;1,3;1,3;1,3;1,3;1,3;1,3;1,4;1,4;1,4;1,4;1,4
Diesel;0,52;0,56;0,60;0,62;0,65;0,69;0,71;0,74;0,77;0,80;0,82;0,86;0,89;0,92;0,94;0,96;0,99;1,02;1,01;1,02;1,06;1,09;1,10;1,12;1,13;1,14;1,17;1,16;1,13
Essence;0,52;0,51;0,51;0,49;0,48;0,45;0,44;0,44;0,43;0,43;0,41;0,41;0,39;0,38;0,36;0,34;0,32;0,31;0,28;0,27;0,25;0,24;0,22;0,22;0,22;0,22;0,23;0,24;0,26
Autres;0;0;0;0;0;0;0;0;0;0;0;0;0;0;0;0;0;0;0;0;0;0;0;0;0;0;0;0;0
;;;;;;;;;;;;;;;;;;;;;;;;;;;;;
Source : Citepa,  avril 2020 - Format Secten;;;;;;;;;;;;;;;;;;;;;;;;;;;;;
;;;;;;;;;;;;;;;;;;;;;;;;;;;;;
;;;;;;;;;;;;;;;;;;;;;;;;;;;;;
D2.2-b9 Émissions de Cd  du transport routier par type de véhicule et motorisation ;;;;;;;;;;;;;;;;;;;;;;;;;;;;;
;;;;;;;;;;;;;;;;;;;;;;;;;;;;;en tonnes
;1990;1991;1992;1993;1994;1995;1996;1997;1998;1999;2000;2001;2002;2003;2004;2005;2006;2007;2008;2009;2010;2011;2012;2013;2014;2015;2016;2017;2018
Voitures particulières;0,22;0,22;0,23;0,23;0,24;0,24;0,25;0,25;0,26;0,27;0,27;0,28;0,28;0,28;0,29;0,28;0,29;0,29;0,28;0,29;0,30;0,30;0,30;0,30;0,31;0,32;0,33;0,33;0,33
Diesel;0,05;0,06;0,07;0,07;0,08;0,09;0,10;0,10;0,11;0,12;0,12;0,14;0,14;0,15;0,16;0,16;0,17;0,18;0,19;0,20;0,21;0,21;0,22;0,23;0,23;0,25;0,25;0,25;0,24
Essence;0,17;0,16;0,16;0,16;0,16;0,15;0,15;0,15;0,15;0,15;0,14;0,14;0,13;0,13;0,13;0,12;0,11;0,10;0,10;0,09;0,09;0,08;0,08;0,07;0,07;0,08;0,08;0,08;0,09
GPL;0;0;0;0;0;0;0;0;0;0;0;0;0;0;0;0;0;0;0;0;0;0;0;0;0;0;0;0;0
GNV;0;0;0;0;0;0;0;0;0;0;0;0;0;0;0;0;0;0;0;0;0;0;0;0;0;0;0;0;0
Electriques;0;0;0;0;0;0;0;0;0;0;0;0;0;0;0;0;0;0;0;0;0;0;0;0;0;0;0;0;0
Véhicules utilitaires;0,06;0,06;0,06;0,06;0,06;0,06;0,06;0,06;0,06;0,06;0,06;0,07;0,07;0,07;0,07;0,07;0,07;0,07;0,07;0,08;0,08;0,08;0,08;0,08;0,08;0,08;0,09;0,09;0,09
Diesel;0,03;0,03;0,04;0,04;0,04;0,04;0,05;0,05;0,05;0,05;0,05;0,05;0,05;0,06;0,06;0,06;0,06;0,06;0,06;0,06;0,07;0,07;0,07;0,07;0,07;0,08;0,08;0,08;0,08
Essence;0,02;0,02;0,02;0,02;0,02;0,02;0,02;0,02;0,01;0,01;0,01;0,01;0,01;0,01;0,01;0,01;0,01;0,01;0,01;0,01;0,01;0,01;0,01;0,01;0;0;0;0;0
Electriques;0;0;0;0;0;0;0;0;0;0;0;0;0;0;0;0;0;0;0;0;0;0;0;0;0;0;0;0;0
Poids lourds;0,05;0,05;0,05;0,05;0,05;0,05;0,05;0,06;0,06;0,06;0,06;0,06;0,06;0,06;0,06;0,06;0,06;0,06;0,06;0,05;0,05;0,06;0,05;0,05;0,05;0,05;0,05;0,05;0,05
Diesel;0,05;0,05;0,05;0,05;0,05;0,05;0,05;0,06;0,06;0,06;0,06;0,06;0,06;0,06;0,06;0,06;0,06;0,06;0,06;0,05;0,05;0,06;0,05;0,05;0,05;0,05;0,05;0,05;0,05
Essence;0;0;0;0;0;0;0;0;0;0;0;0;0;0;0;0;0;0;0;0;0;0;0;0;0;0;0;0;0
GNV;0;0;0;0;0;0;0;0;0;0;0;0;0;0;0;0;0;0;0;0;0;0;0;0;0;0;0;0;0
Electriques;0;0;0;0;0;0;0;0;0;0;0;0;0;0;0;0;0;0;0;0;0;0;0;0;0;0;0;0;0
Deux roues;0,02;0,02;0,02;0,02;0,02;0,01;0,01;0,01;0,02;0,02;0,02;0,02;0,02;0,02;0,02;0,02;0,02;0,02;0,02;0,02;0,02;0,02;0,02;0,02;0,02;0,02;0,02;0,02;0,02
Essence;0,02;0,02;0,02;0,02;0,02;0,01;0,01;0,01;0,02;0,02;0,02;0,02;0,02;0,02;0,02;0,02;0,02;0,02;0,02;0,02;0,02;0,02;0,02;0,02;0,02;0,02;0,02;0,02;0,02
Diesel;0;0;0;0;0;0;0;0;0;0;0;0;0;0;0;0;0;0;0;0;0;0;0;0;0;0;0;0;0
Electriques;0;0;0;0;0;0;0;0;0;0;0;0;0;0;0;0;0;0;0;0;0;0;0;0;0;0;0;0;0
Ensemble des véhicules;0,34;0,35;0,36;0,37;0,37;0,37;0,38;0,39;0,40;0,41;0,41;0,42;0,43;0,43;0,43;0,43;0,44;0,44;0,43;0,43;0,45;0,46;0,45;0,46;0,47;0,48;0,49;0,49;0,49
Diesel;0,13;0,14;0,16;0,17;0,18;0,19;0,20;0,21;0,22;0,23;0,23;0,25;0,26;0,27;0,27;0,28;0,29;0,30;0,31;0,31;0,33;0,34;0,35;0,36;0,36;0,37;0,38;0,38;0,37
Essence;0,21;0,20;0,20;0,20;0,19;0,18;0,18;0,18;0,18;0,18;0,17;0,17;0,17;0,16;0,16;0,15;0,14;0,13;0,13;0,12;0,12;0,11;0,10;0,10;0,10;0,10;0,11;0,11;0,11
Autres;0;0;0;0;0;0;0;0;0;0;0;0;0;0;0;0;0;0;0;0;0;0;0;0;0;0;0;0;0
;;;;;;;;;;;;;;;;;;;;;;;;;;;;;
Source : Citepa,  avril 2020 - Format Secten;;;;;;;;;;;;;;;;;;;;;;;;;;;;;
;;;;;;;;;;;;;;;;;;;;;;;;;;;;;
;;;;;;;;;;;;;;;;;;;;;;;;;;;;;
D2.2-b10 Émissions de Cr du transport routier par type de véhicule et motorisation ;;;;;;;;;;;;;;;;;;;;;;;;;;;;;
;;;;;;;;;;;;;;;;;;;;;;;;;;;;;en tonnes
;1990;1991;1992;1993;1994;1995;1996;1997;1998;1999;2000;2001;2002;2003;2004;2005;2006;2007;2008;2009;2010;2011;2012;2013;2014;2015;2016;2017;2018
Voitures particulières;0,59;0,61;0,64;0,66;0,68;0,71;0,73;0,75;0,77;0,81;0,81;0,86;0,88;0,91;0,92;0,92;0,95;0,97;0,98;1,00;1,03;1,04;1,06;1,07;1,09;1,12;1,15;1,13;1,12
Diesel;0,22;0,24;0,28;0,30;0,33;0,37;0,40;0,43;0,46;0,49;0,51;0,56;0,59;0,63;0,65;0,67;0,71;0,74;0,77;0,81;0,84;0,86;0,89;0,91;0,93;0,96;0,98;0,96;0,93
Essence;0,37;0,36;0,37;0,36;0,35;0,33;0,33;0,32;0,31;0,32;0,30;0,30;0,29;0,28;0,27;0,25;0,24;0,22;0,21;0,19;0,18;0,18;0,16;0,16;0,16;0,16;0,17;0,17;0,18
GPL;0;0;0;0;0;0;0;0;0;0;0;0;0;0;0;0;0;0;0;0;0;0;0;0;0;0;0;0;0
GNV;0;0;0;0;0;0;0;0;0;0;0;0;0;0;0;0;0;0;0;0;0;0;0;0;0;0;0;0;0
Electriques;0;0;0;0;0;0;0;0;0;0;0;0;0;0;0;0;0;0;0;0;0;0;0;0;0;0;0;0;0
Véhicules utilitaires;0,22;0,23;0,24;0,25;0,26;0,26;0,26;0,27;0,27;0,28;0,28;0,29;0,30;0,31;0,31;0,32;0,32;0,33;0,33;0,34;0,35;0,37;0,37;0,37;0,37;0,38;0,38;0,39;0,38
Diesel;0,15;0,17;0,18;0,20;0,21;0,21;0,22;0,23;0,23;0,24;0,24;0,25;0,26;0,27;0,27;0,28;0,29;0,29;0,30;0,30;0,32;0,34;0,34;0,34;0,35;0,35;0,36;0,36;0,36
Essence;0,07;0,07;0,06;0,05;0,05;0,04;0,04;0,04;0,04;0,04;0,04;0,04;0,04;0,04;0,04;0,03;0,04;0,04;0,03;0,03;0,03;0,03;0,03;0,03;0,03;0,03;0,02;0,02;0,03
Electriques;0;0;0;0;0;0;0;0;0;0;0;0;0;0;0;0;0;0;0;0;0;0;0;0;0;0;0;0;0
Poids lourds;0,36;0,37;0,38;0,38;0,39;0,39;0,39;0,40;0,40;0,41;0,41;0,40;0,41;0,40;0,41;0,42;0,42;0,42;0,40;0,36;0,38;0,40;0,38;0,38;0,37;0,37;0,37;0,38;0,38
Diesel;0,36;0,37;0,38;0,38;0,39;0,39;0,39;0,40;0,40;0,41;0,41;0,40;0,41;0,40;0,41;0,42;0,42;0,42;0,40;0,36;0,38;0,40;0,38;0,38;0,37;0,37;0,37;0,38;0,38
Essence;0;0;0;0;0;0;0;0;0;0;0;0;0;0;0;0;0;0;0;0;0;0;0;0;0;0;0;0;0
GNV;0;0;0;0;0;0;0;0;0;0;0;0;0;0;0;0;0;0;0;0;0;0;0;0;0;0;0;0;0
Electriques;0;0;0;0;0;0;0;0;0;0;0;0;0;0;0;0;0;0;0;0;0;0;0;0;0;0;0;0;0
Deux roues;0,02;0,02;0,02;0,02;0,02;0,02;0,02;0,02;0,02;0,02;0,02;0,02;0,02;0,02;0,02;0,02;0,02;0,02;0,03;0,03;0,03;0,03;0,03;0,03;0,03;0,03;0,03;0,03;0,03
Essence;0,02;0,02;0,02;0,02;0,02;0,02;0,01;0,02;0,02;0,02;0,02;0,02;0,02;0,02;0,02;0,02;0,02;0,02;0,03;0,03;0,03;0,03;0,03;0,03;0,03;0,03;0,03;0,03;0,02
Diesel;0;0;0;0;0;0;0;0;0;0;0;0;0;0;0;0;0;0;0;0;0;0;0;0;0;0;0;0;0
Electriques;0;0;0;0;0;0;0;0;0;0;0;0;0;0;0;0;0;0;0;0;0;0;0;0;0;0;0;0;0
Ensemble des véhicules;1,2;1,2;1,3;1,3;1,3;1,4;1,4;1,4;1,5;1,5;1,5;1,6;1,6;1,6;1,7;1,7;1,7;1,7;1,7;1,7;1,8;1,8;1,8;1,8;1,9;1,9;1,9;1,9;1,9
Diesel;0,72;0,78;0,84;0,88;0,93;0,98;1,01;1,06;1,09;1,14;1,15;1,22;1,26;1,30;1,33;1,37;1,41;1,46;1,46;1,47;1,54;1,60;1,61;1,63;1,65;1,68;1,71;1,70;1,67
Essence;0,46;0,45;0,45;0,43;0,41;0,39;0,38;0,38;0,37;0,38;0,36;0,36;0,35;0,33;0,33;0,31;0,30;0,29;0,26;0,25;0,24;0,23;0,22;0,21;0,21;0,21;0,22;0,22;0,23
Autres;0;0;0;0;0;0;0;0;0;0;0;0;0;0;0;0;0;0;0;0;0;0;0;0;0;0;0;0;0
;;;;;;;;;;;;;;;;;;;;;;;;;;;;;
Source : Citepa,  avril 2020 - Format Secten;;;;;;;;;;;;;;;;;;;;;;;;;;;;;
;;;;;;;;;;;;;;;;;;;;;;;;;;;;;
;;;;;;;;;;;;;;;;;;;;;;;;;;;;;
D2.2-b11 Émissions de Cu du transport routier par type de véhicule et motorisation ;;;;;;;;;;;;;;;;;;;;;;;;;;;;;
;;;;;;;;;;;;;;;;;;;;;;;;;;;;;en tonnes
;1990;1991;1992;1993;1994;1995;1996;1997;1998;1999;2000;2001;2002;2003;2004;2005;2006;2007;2008;2009;2010;2011;2012;2013;2014;2015;2016;2017;2018
Voitures particulières;52;52;55;55;56;56;57;58;58;62;60;64;65;68;69;70;72;73;74;73;73;76;74;75;75;76;77;76;76
Diesel;12;14;15;17;19;21;22;24;25;28;28;32;34;37;39;41;45;47;49;51;52;55;56;56;56;57;58;56;54
Essence;40;39;40;38;37;35;35;34;33;34;32;32;31;30;30;29;27;26;24;22;21;20;18;18;18;18;19;20;21
GPL;0,13;0,12;0,10;0,09;0,08;0,07;0,11;0,22;0,38;0,52;0,53;0,54;0,49;0,45;0,42;0,41;0,41;0,38;0,37;0,33;0,40;0,48;0,44;0,40;0,36;0,33;0,30;0,27;0,25
GNV;0;0;0;0;0;0;0;0;0;0;0;0;0;0;0;0;0;0;0;0;0;0;0;0;0;0;0;0;0
Electriques;0;0;0;0;0;0;0;0;0;0;0;0;0;0;0;0;0;0;0;0;0;0;0,02;0,03;0,06;0,09;0,14;0,21;0,29
Véhicules utilitaires;23;24;24;24;24;24;24;24;24;25;24;26;27;28;29;30;31;31;31;32;33;35;33;34;34;34;34;34;34
Diesel;12;14;15;16;17;17;18;18;18;19;19;20;21;22;23;24;25;25;26;26;27;29;29;29;30;30;30;30;30
Essence;11;10;9;8;7;6;6;6;6;6;5;5;5;5;6;6;6;6;5;5;5;5;5;5;4;4;4;4;4
Electriques;0;0;0;0;0;0;0;0;0;0;0;0;0;0;0;0;0;0;0;0;0;0;0,01;0,02;0,04;0,05;0,07;0,09;0,11
Poids lourds;29;30;32;31;32;32;31;33;32;33;32;31;32;31;31;33;32;32;31;29;30;33;31;31;30;30;30;31;32
Diesel;29;30;32;31;32;31;31;33;32;33;32;31;32;31;31;33;32;32;31;28;30;32;30;31;30;30;30;31;31
Essence;0,09;0,09;0,08;0,08;0,08;0,07;0,07;0,07;0,07;0,07;0,07;0,07;0,07;0,06;0,07;0,07;0,06;0,05;0,04;0,04;0,03;0,03;0,02;0,02;0,01;0;0;0;0
GNV;0;0;0;0;0;0;0;0;0;0;0;0;0;0;0;0;0;0;0;0;0;0;0;0;0;0;0;0;0
Electriques;0;0;0;0;0;0;0;0;0;0;0;0;0;0;0;0;0;0;0;0;0;0;0;0;0;0;0;0,01;0,02
Deux roues;0,97;0,94;0,94;1,14;0,98;0,85;0,84;1,01;1,21;1,25;1,35;1,46;1,60;1,61;1,71;1,80;1,86;1,89;2,06;2,26;2,26;2,32;2,33;2,33;2,30;2,28;2,30;2,29;2,29
Essence;0,97;0,94;0,93;1,1;0,94;0,80;0,79;0,95;1,1;1,2;1,3;1,4;1,5;1,5;1,6;1,7;1,8;1,8;1,9;2,1;2,1;2,2;2,2;2,2;2,1;2,1;2,1;2,1;2,1
Diesel;0;0;0,01;0,02;0,03;0,04;0,05;0,06;0,07;0,07;0,08;0,08;0,08;0,08;0,08;0,08;0,09;0,10;0,11;0,12;0,13;0,15;0,16;0,16;0,15;0,14;0,14;0,14;0,15
Electriques;0;0;0;0;0;0;0;0;0;0;0;0;0;0;0;0;0;0;0;0;0;0;0;0;0;0;0;0;0
Ensemble des véhicules;105;108;112;111;113;112;114;117;116;122;118;123;126;128;130;134;137;139;138;135;138;146;141;142;141;142;144;144;144
Diesel;54;58;62;64;67;70;72;75;75;80;79;83;87;90;93;98;102;104;106;105;109;117;115;117;116;116;117;117;115
Essence;51;50;50;47;45;43;42;41;40;41;39;39;38;37;37;36;35;34;31;30;28;28;25;25;25;25;25;26;28
Autres;0,13;0,12;0,10;0,09;0,08;0,07;0,11;0,23;0,38;0,52;0,53;0,56;0,51;0,49;0,47;0,46;0,47;0,45;0,46;0,42;0,50;0,65;0,65;0,66;0,68;0,71;0,76;0,85;0,98
;;;;;;;;;;;;;;;;;;;;;;;;;;;;;
Source : Citepa,  avril 2020 - Format Secten;;;;;;;;;;;;;;;;;;;;;;;;;;;;;
;;;;;;;;;;;;;;;;;;;;;;;;;;;;;
;;;;;;;;;;;;;;;;;;;;;;;;;;;;;
D2.2-b12 Émissions de Pb du transport routier par type de véhicule et motorisation ;;;;;;;;;;;;;;;;;;;;;;;;;;;;;
;;;;;;;;;;;;;;;;;;;;;;;;;;;;;en tonnes
;1990;1991;1992;1993;1994;1995;1996;1997;1998;1999;2000;2001;2002;2003;2004;2005;2006;2007;2008;2009;2010;2011;2012;2013;2014;2015;2016;2017;2018
Voitures particulières;3387;2188;1546;1346;1178;1047;901;783;682;494;34;30;31;32;32;33;34;34;34;34;34;36;35;35;35;35;36;36;36
Diesel;5,7;6,4;7,3;7,9;8,8;9,9;10,6;11,2;11,8;13,1;13,1;15,0;15,9;17,4;18,3;19,5;21,1;22,0;23,2;23,8;24,6;26,1;26,2;26,6;26,6;26,9;27,3;26,4;25,5
Essence;3382;2182;1538;1338;1169;1037;891;772;670;481;21;15;14;14;14;13;12;12;11;10;10;9;8;8;8;8;9;9;10
GPL;0,06;0,05;0,05;0,04;0,04;0,03;0,05;0,10;0,17;0,24;0,24;0,25;0,22;0,21;0,19;0,19;0,19;0,17;0,17;0,15;0,18;0,22;0,20;0,18;0,17;0,15;0,14;0,13;0,12
GNV;0;0;0;0;0;0;0;0;0;0;0;0;0;0;0;0;0;0;0;0;0;0;0;0;0;0;0;0;0
Electriques;0;0;0;0;0;0;0;0;0;0;0;0;0;0;0;0;0;0;0;0;0;0;0;0;0;0;0;0;0
Véhicules utilitaires;471;300;192;153;135;109;95;84;73;55;12;12;12;13;13;14;14;15;14;15;15;16;16;16;16;16;16;16;16
Diesel;5,8;6,4;7,1;7,6;7,8;8,1;8,3;8,6;8,6;9,0;8,9;9,5;9,9;10,4;10,7;11,2;11,6;11,6;12,1;12,1;12,7;13,6;13,4;13,7;13,7;13,8;13,9;14,1;13,8
Essence;466;294;185;145;127;100;86;75;65;46;3;3;2;2;3;3;3;3;2;2;2;2;2;2;2;2;2;2;2
Electriques;0;0;0;0;0;0;0;0;0;0;0;0;0;0;0;0;0;0;0;0;0;0;0;0,01;0,02;0,02;0,03;0,04;0,05
Poids lourds;3,10;2,33;1,90;1,75;1,66;1,57;1,49;1,48;1,42;1,32;1,00;0,99;1,00;0,98;1,00;1,03;1,03;1,05;1,00;0,92;0,96;1,03;0,97;0,98;0,97;0,96;0,97;1;1
Diesel;0,88;0,91;0,95;0,94;0,96;0,96;0,96;1,00;0,98;1,01;1,00;0,99;1,00;0,98;1,00;1,03;1,02;1,04;1,00;0,91;0,96;1,02;0,97;0,97;0,96;0,95;0,97;0,99;0,99
Essence;2,21;1,42;0,95;0,81;0,70;0,62;0,53;0,48;0,43;0,31;0;0;0;0;0;0;0;0;0;0;0;0;0;0;0;0;0;0;0
GNV;0;0;0;0;0;0;0;0;0;0;0;0;0;0;0;0;0;0;0;0;0;0;0;0;0;0;0;0;0
Electriques;0;0;0;0;0;0;0;0;0;0;0;0;0;0;0;0;0;0;0;0;0;0;0;0;0;0;0;0;0
Deux roues;40;27;19;22;17;14;13;14;15;12;1;1;1;1;1;1;1;1;1;1;1;1;1;1;1;1;1;1;1
Essence;40;27;19;22;17;14;12;14;15;12;0,78;0,65;0,71;0,72;0,77;0,80;0,83;0,84;0,91;0,99;0,99;1,0;1,0;1,0;1,00;0,99;1,00;0,99;0,99
Diesel;0;0;0;0;0;0;0;0;0;0;0;0;0;0;0;0;0,04;0,04;0,05;0,06;0,06;0,07;0,07;0,07;0,07;0,07;0,06;0,07;0,07
Electriques;0;0;0;0;0;0;0;0;0;0;0;0;0;0;0;0;0;0;0;0;0;0;0;0;0;0;0;0;0
Ensemble des véhicules;3902;2517;1759;1523;1332;1171;1010;882;772;562;48;44;45;46;47;48;50;50;51;51;52;54;52;53;53;53;54;54;53
Diesel;12;14;15;16;18;19;20;21;21;23;23;26;27;29;30;32;34;35;36;37;38;41;41;41;41;42;42;42;40
Essence;3889;2503;1744;1506;1314;1152;990;861;750;538;25;18;18;17;17;16;16;16;14;14;13;13;12;11;11;11;12;12;13
Autres;0,06;0,05;0,05;0,04;0,04;0,03;0,05;0,10;0,17;0,24;0,24;0,25;0,23;0,21;0,20;0,19;0,19;0,18;0,18;0,16;0,19;0,23;0,23;0,22;0,22;0,23;0,25;0,28;0,32
;;;;;;;;;;;;;;;;;;;;;;;;;;;;;
Source : Citepa,  avril 2020 - Format Secten;;;;;;;;;;;;;;;;;;;;;;;;;;;;;
;;;;;;;;;;;;;;;;;;;;;;;;;;;;;
;;;;;;;;;;;;;;;;;;;;;;;;;;;;;
D2.2-b13 Émissions de Zn du transport routier par type de véhicule et motorisation ;;;;;;;;;;;;;;;;;;;;;;;;;;;;;
;;;;;;;;;;;;;;;;;;;;;;;;;;;;;en tonnes
;1990;1991;1992;1993;1994;1995;1996;1997;1998;1999;2000;2001;2002;2003;2004;2005;2006;2007;2008;2009;2010;2011;2012;2013;2014;2015;2016;2017;2018
Voitures particulières;123,59;125,43;131,43;131,95;134,55;136,62;139,24;141,06;143,48;150,05;148,58;155,57;157,03;159,85;161,27;160,73;162,71;163,78;163,39;164,31;167,04;169,56;169,07;170,84;173,53;177,72;182,39;180,66;179,74
Diesel;30,57;34,36;38,84;42,35;47,02;52,52;56,45;59,45;63,40;68,56;70,26;78,28;82,40;88,17;91,57;95,08;101,21;105,70;109,87;114,57;119,14;123,40;127,01;129,63;131,77;135,14;138,10;134,43;130,58
Essence;92,72;90,78;92,34;89,39;87,34;83,94;82,51;81,06;79,14;80,22;76,99;75,98;73,44;70,60;68,69;64,68;60,55;57,20;52,63;48,93;46,94;45,04;41,00;40,21;40,82;41,66;43,37;45,30;48,18
GPL;0,31;0,29;0,25;0,22;0,19;0,16;0,28;0,55;0,94;1,27;1,32;1,31;1,19;1,08;1,00;0,96;0,93;0,86;0,87;0,79;0,94;1,08;1,01;0,92;0,84;0,77;0,71;0,64;0,60
GNV;0;0;0;0;0;0;0;0;0;0;0;0;0;0;0;0;0,01;0,01;0,01;0,02;0,02;0,03;0,03;0,04;0,03;0,03;0,03;0,02;0,02
Electriques;0;0;0;0;0;0;0;0;0;0;0;0,001;0,001;0,001;0,002;0,003;0,003;0,003;0,003;0,003;0,003;0,007;0,019;0,041;0,070;0,114;0,177;0,259;0,353
Véhicules utilitaires;41;43;44;44;44;44;44;45;45;46;46;48;49;51;52;53;55;55;55;55;58;60;59;61;61;62;62;63;62
Diesel;23,09;25,58;28,12;30,28;31,36;32,53;33,43;34,64;35,02;36,27;36,43;38,29;39,77;41,49;42,22;43,65;44,60;44,80;45,92;46,75;49,11;52,09;51,89;53,36;53,93;54,74;55,43;56,40;55,20
Essence;18,03;17,13;15,48;13,42;12,79;10,99;10,62;10,40;10,07;9,94;9,35;9,48;9,28;9,14;9,30;9,11;9,92;10,03;8,60;8,75;8,44;8,22;7,57;7,41;6,81;6,70;6,61;6,50;6,71
Electriques;0;0;0;0;0;0;0;0;0;0;0;0;0;0;0;0;0;0;0;0;0,0014;0,0059;0,015;0,030;0,047;0,066;0,088;0,11;0,15
Poids lourds;36,66;37,89;39,38;38,74;39,77;40,02;40,03;41,70;41,65;42,83;42,67;42,72;43,21;42,55;43,83;44,66;44,79;45,67;43,27;39,61;42,05;44,24;41,85;42,34;41,87;41,21;42,19;43,20;43,41
Diesel;36,58;37,82;39,30;38,67;39,70;39,96;39,96;41,64;41,58;42,76;42,61;42,64;43,13;42,46;43,73;44,56;44,68;45,56;43,16;39,50;41,93;44,06;41,66;42,14;41,66;40,98;41,95;42,94;43,10
Essence;0,08;0,07;0,07;0,07;0,07;0,06;0,06;0,06;0,06;0,06;0,06;0,06;0,06;0,06;0,06;0,06;0,06;0,04;0,03;0,03;0,03;0,03;0,02;0,018;0,009;0,008;0,003;0;0,001
GNV;0;0;0;0,002;0,001;0,001;0,001;0,001;0,001;0,001;0,001;0,020;0,02;0,03;0,04;0,04;0,05;0,06;0,08;0,08;0,08;0,15;0,16;0,18;0,20;0,21;0,23;0,25;0,29
Electriques;0;0;0;0;0;0;0;0;0;0;0;0;0;0;0;0;0;0;0;0;0;0,00;0,00;0,00;0,01;0,01;0,01;0,01;0,02
Deux roues;4,72;4,43;4,29;5,06;4,21;3,54;3,43;4,06;4,84;4,81;5,02;5,26;5,56;5,38;5,54;5,58;5,52;5,63;5,97;6,32;6,26;6,26;6,24;6,19;6,09;6,03;6,02;5,98;5,95
Essence;4,7;4,4;4,3;5,0;4,2;3,5;3,4;4,0;4,7;4,7;4,9;5,2;5,4;5,3;5,4;5,5;5,4;5,5;5,8;6,2;6,1;6,1;6,0;6,0;5,9;5,8;5,8;5,8;5,7
Diesel;0;0;0;0,027;0,041;0,055;0,068;0,080;0,090;0,098;0,10;0,11;0,11;0,11;0,11;0,11;0,12;0,13;0,14;0,16;0,17;0,19;0,20;0,21;0,19;0,19;0,19;0,19;0,20
Electriques;0;0;0;0;0;0;0;0;0;0;0;0;0;0;0;0;0;0;0;0;0;0;0;0;0;0;0;0;0
Ensemble des véhicules;206,09;210,47;218,70;219,47;222,68;223,70;226,74;231,86;235,05;243,89;242,04;251,32;254,85;258,42;262,16;263,72;267,53;269,91;267,14;265,73;272,90;280,37;276,63;280,18;282,28;286,46;292,72;292,85;291,17
Diesel;90,24;97,76;106,28;111,33;118,12;125,07;129,91;135,80;140,09;147,69;149,40;159,32;165,41;172,24;177,63;183,40;190,61;196,20;199,09;200,98;210,36;219,74;220,77;225,34;227,55;231,05;235,67;233,96;229,08
Essence;115,54;112,42;112,17;107,92;104,37;98,48;96,55;95,50;94,02;94,93;91,32;90,67;88,23;85,06;83,48;79,31;75,92;72,77;67,09;63,87;61,50;59,36;54,62;53,62;53,53;54,20;55,80;57,58;60,64
Autres;0,31;0,29;0,25;0,22;0,19;0,16;0,28;0,55;0,94;1,27;1,33;1,33;1,22;1,12;1,05;1,01;1,00;0,94;0,96;0,88;1,04;1,28;1,24;1,22;1,20;1,21;1,25;1,31;1,45
;;;;;;;;;;;;;;;;;;;;;;;;;;;;;
Source : Citepa,  avril 2020 - Format Secten;;;;;;;;;;;;;;;;;;;;;;;;;;;;;
;;;;;;;;;;;;;;;;;;;;;;;;;;;;;
;;;;;;;;;;;;;;;;;;;;;;;;;;;;;
D2.2-b14 Émissions de HAP du transport routier par type de véhicule et motorisation ;;;;;;;;;;;;;;;;;;;;;;;;;;;;;
;;;;;;;;;;;;;;;;;;;;;;;;;;;;;en tonnes
;1990;1991;1992;1993;1994;1995;1996;1997;1998;1999;2000;2001;2002;2003;2004;2005;2006;2007;2008;2009;2010;2011;2012;2013;2014;2015;2016;2017;2018
Voitures particulières;1,80;1,91;2,06;2,14;2,25;2,38;2,46;2,52;2,60;2,68;2,66;2,78;2,78;2,79;2,72;2,62;2,57;2,50;2,38;2,28;2,15;2,03;1,95;1,86;1,79;1,73;1,69;1,58;1,49
Diesel;1,04;1,16;1,31;1,42;1,58;1,75;1,88;1,97;2,07;2,17;2,18;2,33;2,36;2,40;2,36;2,29;2,28;2,23;2,13;2,06;1,94;1,83;1,76;1,68;1,60;1,54;1,49;1,38;1,27
Essence;0,76;0,75;0,75;0,71;0,67;0,62;0,59;0,55;0,53;0,51;0,47;0,45;0,42;0,39;0,36;0,33;0,30;0,27;0,25;0,23;0,21;0,20;0,18;0,18;0,18;0,18;0,19;0,20;0,22
GPL;0;0;0;0;0;0;0;0,001;0,001;0,002;0,002;0,002;0,002;0,001;0,001;0,001;0,001;0,001;0,001;0,001;0,001;0,001;0,001;0,001;0,001;0,001;0,001;0,001;0,001
GNV;0;0;0;0;0;0;0;0;0;0;0;0;0;0;0;0;0;0;0;0;0;0;0;0;0;0;0;0;0
Electriques;0;0;0;0;0;0;0;0;0;0;0;0;0;0;0;0;0;0;0;0;0;0;0;0;0;0;0;0;0
Véhicules utilitaires;0,63;0,69;0,74;0,77;0,80;0,81;0,83;0,86;0,87;0,88;0,87;0,88;0,88;0,87;0,84;0,81;0,77;0,73;0,67;0,63;0,61;0,58;0,54;0,52;0,49;0,47;0,44;0,42;0,39
Diesel;0,54;0,59;0,65;0,70;0,73;0,75;0,77;0,81;0,82;0,83;0,82;0,83;0,83;0,83;0,80;0,77;0,74;0,69;0,64;0,60;0,58;0,56;0,52;0,49;0,47;0,45;0,42;0,40;0,37
Essence;0,10;0,09;0,08;0,07;0,07;0,06;0,06;0,05;0,05;0,05;0,05;0,04;0,04;0,04;0,04;0,04;0,04;0,03;0,03;0,03;0,03;0,02;0,02;0,02;0,02;0,02;0,02;0,02;0,02
Electriques;0;0;0;0;0;0;0;0;0;0;0;0;0;0;0;0;0;0;0;0;0;0;0;0;0;0;0;0;0
Poids lourds;0,46;0,47;0,49;0,48;0,49;0,50;0,50;0,52;0,52;0,54;0,54;0,55;0,55;0,55;0,57;0,57;0,58;0,59;0,55;0,51;0,53;0,54;0,51;0,52;0,52;0,51;0,53;0,53;0,53
Diesel;0,46;0,47;0,49;0,48;0,49;0,50;0,50;0,52;0,52;0,54;0,54;0,55;0,55;0,55;0,57;0,57;0,58;0,59;0,55;0,51;0,53;0,54;0,51;0,52;0,52;0,51;0,52;0,53;0,53
Essence;0;0;0;0;0;0;0;0;0;0;0;0;0;0;0;0;0;0;0;0;0;0;0;0;0;0;0;0;0
GNV;0;0;0;0;0;0;0;0;0;0;0;0;0;0;0;0;0;0;0;0;0;0;0;0;0;0;0;0;0
Electriques;0;0;0;0;0;0;0;0;0;0;0;0;0;0;0;0;0;0;0;0;0;0;0;0;0;0;0;0;0
Deux roues;0,02;0,02;0,02;0,02;0,02;0,02;0,02;0,02;0,03;0,03;0,03;0,03;0,04;0,04;0,04;0,04;0,04;0,04;0,05;0,05;0,05;0,05;0,05;0,05;0,05;0,05;0,05;0,05;0,05
Essence;0,02;0,02;0,02;0,02;0,02;0,02;0,02;0,02;0,02;0,03;0,03;0,03;0,03;0,03;0,04;0,04;0,04;0,04;0,04;0,05;0,05;0,05;0,05;0,05;0,05;0,05;0,05;0,05;0,05
Diesel;0;0;0;0;0;0;0;0;0;0;0;0;0;0;0;0;0;0;0;0;0;0;0;0;0;0;0;0;0
Electriques;0;0;0;0;0;0;0;0;0;0;0;0;0;0;0;0;0;0;0;0;0;0;0;0;0;0;0;0;0
Ensemble des véhicules;2,9;3,1;3,3;3,4;3,6;3,7;3,8;3,9;4,0;4,1;4,1;4,2;4,2;4,2;4,2;4,0;4,0;3,9;3,6;3,5;3,3;3,2;3,1;2,9;2,8;2,8;2,7;2,6;2,5
Diesel;2,0;2,2;2,5;2,6;2,8;3,0;3,1;3,3;3,4;3,5;3,5;3,7;3,7;3,8;3,7;3,6;3,6;3,5;3,3;3,2;3,1;2,9;2,8;2,7;2,6;2,5;2,4;2,3;2,2
Essence;0,88;0,86;0,85;0,81;0,76;0,70;0,66;0,63;0,60;0,58;0,55;0,52;0,49;0,46;0,43;0,40;0,37;0,35;0,32;0,30;0,29;0,27;0,25;0,25;0,25;0,25;0,26;0,27;0,28
Autres;0;0;0;0;0;0;0;0;0;0;0;0;0;0;0;0;0;0;0;0;0;0;0;0;0;0;0;0;0
;;;;;;;;;;;;;;;;;;;;;;;;;;;;;
Note : somme des HAP tels que définis par la CEE-NU : benzo(a)pyrène, benzo(b)fluoranthène, benzo(k)fluoranthène et indeno(1,2,3-cd)pyrène;;;;;;;;;;;;;;;;;;;;;;;;;;;;;
Source : Citepa,  avril 2020 - Format Secten;;;;;;;;;;;;;;;;;;;;;;;;;;;;;
;;;;;;;;;;;;;;;;;;;;;;;;;;;;;
;;;;;;;;;;;;;;;;;;;;;;;;;;;;;
D2.2-b15 Émissions de PCDD-F du transport routier par type de véhicule et motorisation ;;;;;;;;;;;;;;;;;;;;;;;;;;;;;
;;;;;;;;;;;;;;;;;;;;;;;;;;;;;en grammes équivalents toxiques internationaux (ITEQ)
;1990;1991;1992;1993;1994;1995;1996;1997;1998;1999;2000;2001;2002;2003;2004;2005;2006;2007;2008;2009;2010;2011;2012;2013;2014;2015;2016;2017;2018
Voitures particulières;12,81;13,29;14,14;14,48;15,06;15,68;16,20;16,57;17,13;17,86;17,97;18,75;18,79;19,03;18,94;18,74;19,00;19,28;19,35;19,89;19,92;19,01;17,87;16,69;15,66;14,74;13,87;12,49;11,21
Diesel;5,24;5,88;6,62;7,20;7,97;8,87;9,49;9,94;10,60;11,31;11,67;12,83;13,45;14,24;14,63;14,97;15,72;16,39;16,89;17,76;18,08;17,41;16,52;15,48;14,53;13,69;12,86;11,50;10,23
Essence;7,54;7,39;7,50;7,26;7,08;6,80;6,69;6,58;6,46;6,45;6,20;5,82;5,25;4,71;4,25;3,72;3,22;2,84;2,42;2,10;1,81;1,56;1,31;1,18;1,10;1,02;0,99;0,97;0,97
GPL;0,03;0,02;0,02;0,02;0,02;0,01;0,02;0,05;0,08;0,11;0,11;0,10;0,09;0,07;0,06;0,06;0,05;0,04;0,04;0,03;0,04;0,04;0,03;0,03;0,02;0,02;0,02;0,01;0,01
GNV;0;0;0;0;0;0;0;0;0;0;0;0;0;0;0;0;0;0;0;0;0;0;0;0;0;0;0;0;0
Electriques;0;0;0;0;0;0;0;0;0;0;0;0;0;0;0;0;0;0;0;0;0;0;0;0;0;0;0;0;0
Véhicules utilitaires;3,67;3,91;4,11;4,25;4,34;4,38;4,47;4,62;4,69;4,78;4,82;5,00;5,14;5,27;5,29;5,34;5,38;5,37;5,37;5,50;5,72;5,85;5,57;5,07;4,55;4,11;3,66;3,24;2,76
Diesel;2,71;3,00;3,29;3,54;3,67;3,80;3,91;4,07;4,15;4,25;4,32;4,51;4,67;4,83;4,86;4,96;5,01;5,03;5,12;5,26;5,52;5,67;5,42;4,93;4,44;4,01;3,56;3,15;2,67
Essence;0,96;0,91;0,82;0,71;0,68;0,58;0,56;0,55;0,54;0,52;0,50;0,50;0,47;0,44;0,42;0,38;0,37;0,34;0,25;0,23;0,20;0,18;0,15;0,13;0,11;0,10;0,09;0,09;0,09
Electriques;0;0;0;0;0;0;0;0;0;0;0;0;0;0;0;0;0;0;0;0;0;0;0;0;0;0;0;0;0
Poids lourds;1,75;1,80;1,87;1,84;1,89;1,89;1,90;1,98;2,00;2,05;2,08;2,10;2,12;2,09;2,18;2,19;2,22;2,25;2,11;1,91;1,86;1,67;1,34;1,13;0,91;0,77;0,65;0,54;0,43
Diesel;1,74;1,80;1,87;1,84;1,89;1,89;1,90;1,97;2,00;2,05;2,08;2,10;2,12;2,09;2,18;2,19;2,21;2,25;2,11;1,90;1,86;1,67;1,34;1,13;0,91;0,77;0,64;0,54;0,43
Essence;0,002;0,002;0,002;0,002;0,002;0,002;0,002;0,002;0,002;0,002;0,002;0,002;0,002;0,001;0,001;0,001;0,001;0,001;0,001;0;0;0;0;0;0;0;0;0;0
GNV;0;0;0;0;0;0;0;0;0;0;0;0;0;0;0;0;0;0;0;0;0;0;0;0;0;0;0;0;0
Electriques;0;0;0;0;0;0;0;0;0;0;0;0;0;0;0;0;0;0;0;0;0;0;0;0;0;0;0;0;0
Deux roues;0,20;0,19;0,20;0,25;0,22;0,20;0,20;0,24;0,30;0,31;0,34;0,37;0,41;0,41;0,44;0,46;0,46;0,46;0,45;0,44;0,42;0,40;0,38;0,36;0,34;0,32;0,31;0,29;0,28
Essence;0,20;0,19;0,20;0,24;0,21;0,18;0,18;0,22;0,27;0,28;0,30;0,34;0,37;0,38;0,41;0,43;0,43;0,42;0,41;0,40;0,37;0,34;0,32;0,31;0,29;0,27;0,25;0,24;0,22
Diesel;0;0;0;0;0,01;0,02;0,02;0,02;0,03;0,03;0,03;0,03;0,03;0,03;0,03;0,03;0,04;0,04;0,04;0,05;0,05;0,05;0,06;0,06;0,06;0,06;0,05;0,06;0,06
Electriques;0;0;0;0;0;0;0;0;0;0;0;0;0;0;0;0;0;0;0;0;0;0;0;0;0;0;0;0;0
Ensemble des véhicules;18,42;19,20;20,32;20,82;21,51;22,15;22,76;23,40;24,12;25,00;25,21;26,22;26,45;26,80;26,85;26,74;27,06;27,36;27,28;27,74;27,93;26,93;25,16;23,25;21,46;19,94;18,48;16,56;14,68
Diesel;9,70;10,69;11,78;12,59;13,54;14,58;15,31;16,01;16,78;17,65;18,10;19,47;20,26;21,18;21,71;22,15;22,98;23,71;24,15;24,97;25,51;24,81;23,34;21,61;19,94;18,52;17,12;15,25;13,39
Essence;8,70;8,49;8,51;8,22;7,96;7,56;7,42;7,35;7,26;7,25;7,00;6,65;6,10;5,54;5,08;4,53;4,02;3,60;3,08;2,73;2,38;2,08;1,78;1,62;1,50;1,40;1,34;1,30;1,28
Autres;0,03;0,02;0,02;0,02;0,02;0,01;0,02;0,05;0,08;0,11;0,11;0,10;0,09;0,08;0,07;0,06;0,05;0,05;0,04;0,04;0,04;0,04;0,04;0,03;0,03;0,02;0,02;0,02;0,01
;;;;;;;;;;;;;;;;;;;;;;;;;;;;;
Source : Citepa,  avril 2020 - Format Secten;;;;;;;;;;;;;;;;;;;;;;;;;;;;;
;;;;;;;;;;;;;;;;;;;;;;;;;;;;;
;;;;;;;;;;;;;;;;;;;;;;;;;;;;;
D2.2-b16 Émissions de SO2 du transport routier par type de véhicule et motorisation ;;;;;;;;;;;;;;;;;;;;;;;;;;;;;
;;;;;;;;;;;;;;;;;;;;;;;;;;;;;en milliers de tonnes
;1990;1991;1992;1993;1994;1995;1996;1997;1998;1999;2000;2001;2002;2003;2004;2005;2006;2007;2008;2009;2010;2011;2012;2013;2014;2015;2016;2017;2018
Voitures particulières;65,10;66,23;69,48;71,05;69,29;56,25;50,30;29,46;28,90;21,51;11,33;11,93;12,15;12,42;12,43;2,34;2,33;2,35;2,33;0,50;0,48;0,47;0,47;0,46;0,47;0,48;0,48;0,48;0,47
Diesel;29,32;32,71;36,42;39,89;40,11;32,75;28,68;9,27;9,91;9,03;7,62;8,32;8,71;9,19;9,39;1,37;1,43;1,50;1,55;0,33;0,33;0,34;0,35;0,34;0,35;0,36;0,36;0,35;0,33
Essence;35,76;33,50;33,05;31,15;29,17;23,49;21,60;20,15;18,93;12,39;3,62;3,52;3,37;3,16;2,98;0,92;0,85;0,80;0,74;0,14;0,13;0,12;0,11;0,11;0,11;0,11;0,11;0,12;0,13
GPL;0,020;0,019;0,016;0,014;0,012;0,010;0,018;0,036;0,062;0,083;0,087;0,084;0,075;0,066;0,061;0,056;0,052;0,047;0,044;0,040;0,012;0,013;0,012;0,010;0,009;0,008;0,007;0,006;0,006
GNV;0;0;0;0;0;0;0;0;0;0;0;0;0;0;0;0;0;0;0;0;0;0;0;0;0;0;0;0;0
Electriques;0;0;0;0;0;0;0;0;0;0;0;0;0;0;0;0;0;0;0;0;0;0;0;0;0;0;0;0;0
Véhicules utilitaires;26,90;28,85;30,63;32,10;30,43;22,81;19,26;7,43;7,40;6,05;4,39;4,53;4,65;4,75;4,74;0,74;0,75;0,75;0,75;0,15;0,16;0,16;0,16;0,17;0,17;0,17;0,17;0,17;0,17
Diesel;22,00;24,37;26,70;28,76;27,29;20,57;17,20;5,51;5,60;4,91;4,06;4,20;4,33;4,45;4,44;0,64;0,64;0,65;0,66;0,14;0,14;0,15;0,15;0,15;0,15;0,16;0,15;0,16;0,15
Essence;4,90;4,48;3,93;3,34;3,13;2,24;2,06;1,93;1,79;1,14;0,33;0,33;0,32;0,30;0,30;0,10;0,10;0,10;0,08;0,02;0,02;0,02;0,02;0,01;0,01;0,01;0,01;0,01;0,01
Electriques;0;0;0;0;0;0;0;0;0;0;0;0;0;0;0;0;0;0;0;0;0;0;0;0;0;0;0;0;0
Poids lourds;50,75;52,43;54,54;53,75;50,64;37,27;30,55;9,78;9,90;8,70;7,15;7,19;7,23;7,13;7,42;1,06;1,07;1,09;1,00;0,18;0,19;0,20;0,19;0,19;0,19;0,18;0,18;0,19;0,18
Diesel;50,72;52,41;54,52;53,73;50,62;37,25;30,54;9,77;9,89;8,69;7,15;7,19;7,23;7,13;7,42;1,06;1,07;1,09;1,00;0,18;0,19;0,20;0,18;0,19;0,18;0,18;0,18;0,19;0,18
Essence;0,024;0,022;0,021;0,019;0,018;0,014;0,013;0,013;0,012;0,008;0,003;0,002;0,002;0,002;0,002;0,001;0,001;0,001;0;0;0;0;0;0;0;0;0;0;0
GNV;0;0;0;0;0;0;0;0;0;0;0;0;0;0;0;0;0;0;0;0;0;0;0;0;0;0;0;0;0
Electriques;0;0;0;0;0;0;0;0;0;0;0;0;0;0;0;0;0;0;0;0;0;0;0;0;0;0;0;0;0
Deux roues;0,43;0,41;0,42;0,53;0,47;0,35;0,33;0,37;0,45;0,31;0,11;0,12;0,13;0,13;0,14;0,05;0,05;0,05;0,05;0,01;0,01;0,01;0,01;0,01;0,01;0,01;0,01;0,01;0,01
Essence;0,43;0,41;0,41;0,51;0,44;0,32;0,30;0,36;0,43;0,30;0,10;0,11;0,12;0,12;0,13;0,045;0,045;0,047;0,050;0,011;0,011;0,011;0,011;0,011;0,011;0,011;0,011;0,011;0,011
Diesel;0;0;0,009;0,024;0,033;0,032;0,032;0,012;0,013;0,012;0,010;0,011;0,011;0,011;0,011;0,002;0,002;0,002;0,002;0,000;0,001;0,001;0,001;0,001;0,001;0,001;0,001;0,001;0,001
Electriques;0;0;0;0;0;0;0;0;0;0;0;0;0;0;0;0;0;0;0;0;0;0;0;0;0;0;0;0;0
Ensemble des véhicules;143;148;155;157;151;117;100;47;47;37;23;24;24;24;25;4;4;4;4;1;1;1;1;1;1;1;1;1;1
Diesel;102;109;118;122;118;91;76;25;25;23;19;20;20;21;21;3;3;3;3;1;1;1;1;1;1;1;1;1;1
Essence;41;38;37;35;33;26;24;22;21;14;4;4;4;4;3;1;1;1;1;0;0;0;0;0;0;0;0;0;0
Autres;0,02;0,02;0,02;0,01;0,01;0,01;0,02;0,04;0,06;0,08;0,09;0,08;0,08;0,07;0,06;0,06;0,05;0,05;0,05;0,04;0,01;0,01;0,01;0,01;0,01;0,01;0,01;0,01;0,01
;;;;;;;;;;;;;;;;;;;;;;;;;;;;;
Source : Citepa,  avril 2020 - Format Secten;;;;;;;;;;;;;;;;;;;;;;;;;;;;;
;;;;;;;;;;;;;;;;;;;;;;;;;;;;;
;;;;;;;;;;;;;;;;;;;;;;;;;;;;;
D2.2-b17 Émissions de Ni du transport routier par type de véhicule et motorisation ;;;;;;;;;;;;;;;;;;;;;;;;;;;;;
;;;;;;;;;;;;;;;;;;;;;;;;;;;;;en tonnes
;1990;1991;1992;1993;1994;1995;1996;1997;1998;1999;2000;2001;2002;2003;2004;2005;2006;2007;2008;2009;2010;2011;2012;2013;2014;2015;2016;2017;2018
Voitures particulières;0,57;0,58;0,61;0,61;0,62;0,63;0,64;0,65;0,66;0,69;0,69;0,72;0,72;0,74;0,74;0,74;0,75;0,75;0,75;0,75;0,77;0,78;0,77;0,78;0,79;0,81;0,84;0,83;0,82
Diesel;0,14;0,16;0,18;0,19;0,21;0,24;0,26;0,27;0,29;0,31;0,32;0,36;0,38;0,40;0,42;0,43;0,46;0,48;0,50;0,52;0,54;0,56;0,58;0,59;0,60;0,62;0,63;0,61;0,60
Essence;0,43;0,43;0,43;0,42;0,41;0,39;0,39;0,38;0,37;0,38;0,36;0,36;0,34;0,33;0,32;0,30;0,28;0,27;0,25;0,23;0,22;0,21;0,19;0,19;0,19;0,19;0,20;0,21;0,22
GPL;0,001;0,001;0,001;0,001;0,001;0,001;0,001;0,003;0,004;0,006;0,006;0,006;0,005;0,005;0,005;0,004;0,004;0,004;0,004;0,004;0,004;0,005;0,005;0,004;0,004;0,004;0,003;0,003;0,003
GNV;0;0;0;0;0;0;0;0;0;0;0;0;0;0;0;0;0;0;0;0;0;0;0;0;0;0;0;0;0,00
Electriques;0;0;0;0;0;0;0;0;0;0;0;0;0;0;0;0;0;0;0;0;0;0;0;0;0;0;0;0;0,002
Véhicules utilitaires;0,17;0,18;0,18;0,18;0,18;0,18;0,18;0,19;0,19;0,19;0,19;0,20;0,20;0,21;0,21;0,22;0,23;0,23;0,23;0,23;0,24;0,25;0,25;0,25;0,25;0,25;0,26;0,26;0,26
Diesel;0,09;0,10;0,12;0,12;0,13;0,13;0,14;0,14;0,14;0,15;0,15;0,16;0,16;0,17;0,17;0,18;0,18;0,18;0,19;0,19;0,20;0,21;0,21;0,22;0,22;0,23;0,23;0,23;0,23
Essence;0,08;0,07;0,07;0,06;0,05;0,05;0,05;0,04;0,04;0,04;0,04;0,04;0,04;0,04;0,04;0,04;0,04;0,04;0,04;0,04;0,04;0,03;0,03;0,03;0,03;0,03;0,03;0,03;0,03
Electriques;0;0;0;0;0;0;0;0;0;0;0;0;0;0;0;0;0;0;0;0;0;0;0;0;0;0;0;0;0
Poids lourds;0,24;0,25;0,26;0,26;0,26;0,26;0,26;0,27;0,27;0,28;0,27;0,27;0,27;0,27;0,28;0,28;0,28;0,29;0,27;0,25;0,26;0,28;0,26;0,26;0,26;0,26;0,26;0,27;0,27
Diesel;0,24;0,25;0,26;0,26;0,26;0,26;0,26;0,27;0,27;0,28;0,27;0,27;0,27;0,27;0,28;0,28;0,28;0,29;0,27;0,25;0,26;0,28;0,26;0,26;0,26;0,26;0,26;0,27;0,27
Essence;0;0;0;0;0;0;0;0;0;0;0;0;0;0;0;0;0;0;0;0;0;0;0;0;0;0;0;0;0
GNV;0;0;0;0;0;0;0;0;0;0;0;0;0;0;0;0;0;0;0;0;0;0;0;0;0;0;0;0;0
Electriques;0;0;0;0;0;0;0;0;0;0;0;0;0;0;0;0;0;0;0;0;0;0;0;0;0;0;0;0;0
Deux roues;0,02;0,02;0,02;0,02;0,02;0,02;0,02;0,02;0,02;0,02;0,02;0,03;0,03;0,03;0,03;0,03;0,03;0,03;0,03;0,03;0,03;0,03;0,03;0,03;0,03;0,03;0,03;0,03;0,03
Essence;0,02;0,02;0,02;0,02;0,02;0,02;0,02;0,02;0,02;0,02;0,02;0,02;0,03;0,03;0,03;0,03;0,03;0,03;0,03;0,03;0,03;0,03;0,03;0,03;0,03;0,03;0,03;0,03;0,03
Diesel;0;0;0;0;0;0;0;0;0;0;0;0;0;0;0;0;0;0;0;0;0;0;0;0;0;0;0;0;0
Electriques;0;0;0;0;0;0;0;0;0;0;0;0;0;0;0;0;0;0;0;0;0;0;0;0;0;0;0;0;0
Ensemble des véhicules;1,01;1,03;1,07;1,07;1,09;1,09;1,10;1,13;1,14;1,19;1,17;1,21;1,23;1,24;1,26;1,27;1,28;1,29;1,27;1,26;1,29;1,33;1,31;1,33;1,33;1,35;1,38;1,38;1,38
Diesel;0,47;0,51;0,55;0,57;0,60;0,63;0,65;0,69;0,70;0,74;0,74;0,78;0,81;0,84;0,87;0,89;0,92;0,95;0,96;0,96;1,00;1,05;1,05;1,07;1,08;1,10;1,12;1,11;1,09
Essence;0,53;0,52;0,52;0,50;0,48;0,46;0,45;0,44;0,44;0,44;0,42;0,42;0,41;0,39;0,39;0,37;0,35;0,34;0,31;0,29;0,28;0,27;0,25;0,25;0,25;0,25;0,26;0,27;0,28
Autres;0,001;0,001;0,001;0,001;0,001;0,001;0,001;0,003;0,004;0,006;0,006;0,006;0,006;0,005;0,005;0,005;0,005;0,005;0,005;0,004;0,005;0,006;0,006;0,006;0,006;0,006;0,006;0,007;0,008
;;;;;;;;;;;;;;;;;;;;;;;;;;;;;
Source : Citepa,  avril 2020 - Format Secten;;;;;;;;;;;;;;;;;;;;;;;;;;;;;
;;;;;;;;;;;;;;;;;;;;;;;;;;;;;
;;;;;;;;;;;;;;;;;;;;;;;;;;;;;
D2.2-b18 Émissions de benzène du transport routier par type de véhicule et motorisation ;;;;;;;;;;;;;;;;;;;;;;;;;;;;;
;;;;;;;;;;;;;;;;;;;en tonnes;;;;;;;;;;
;2000;2001;2002;2003;2004;2005;2006;2007;2008;2009;2010;2011;2012;2013;2014;2015;2016;2017;2018;;;;;;;;;;
Voitures particulières;10841;9858;8470;7348;6366;5168;4160;3522;2865;2413;2133;1680;1440;1237;1061;1042;952;897;816;;;;;;;;;;
Diesel;618;632;595;589;552;522;480;461;439;432;436;366;338;280;247;232;200;184;157;;;;;;;;;;
Essence;10223;9226;7875;6759;5814;4646;3680;3062;2426;1981;1698;1314;1103;956;814;810;752;713;659;;;;;;;;;;
GPL;0;0;0;0;0;0;0;0;0;0;0;0;0;0;0;0;0;0;0;;;;;;;;;;
GNV;0;0;0;0;0;0;0;0;0;0;0;0;0;0;0;0;0;0;0;;;;;;;;;;
Electriques;0;0;0;0;0;0;0;0;0;0;0;0;0;0;0;0;0;0;0;;;;;;;;;;
Véhicules utilitaires;1898;1881;1731;1605;1457;1297;1144;988;794;714;676;565;504;433;355;317;275;238;199;;;;;;;;;;
Diesel;593;628;626;621;609;601;572;538;487;455;464;415;385;336;283;251;216;185;149;;;;;;;;;;
Essence;1306;1253;1105;984;848;696;572;450;307;259;212;150;119;97;73;66;59;53;49;;;;;;;;;;
Electriques;0;0;0;0;0;0;0;0;0;0;0;0;0;0;0;0;0;0;0;;;;;;;;;;
Poids lourds;1261;1130;1067;965;945;943;908;806;624;485;450;414;335;291;249;215;181;160;135;;;;;;;;;;
Diesel;1251;1121;1057;956;935;933;900;799;618;480;446;410;331;288;247;214;181;160;135;;;;;;;;;;
Essence;9,8;9,1;9,8;8,8;9,4;9,3;8,7;6,4;5,5;4,9;4,5;4,1;3,3;2,8;1,4;1,2;0,41;0,055;0,087;;;;;;;;;;
GNV;0;0;0;0;0;0;0;0;0;0;0;0;0;0;0;0;0;0;0;;;;;;;;;;
Electriques;0;0;0;0;0;0;0;0;0;0;0;0;0;0;0;0;0;0;0;;;;;;;;;;
Deux roues;1138;1150;1160;1081;1105;1067;986;924;895;880;826;788;748;716;683;650;613;577;540;;;;;;;;;;
Essence;1138;1150;1160;1081;1105;1067;986;924;895;880;826;788;748;716;683;650;613;577;540;;;;;;;;;;
Diesel;0;0;0;0;0;0;0;0;0;0;0;0;0;0;0;0;0;0;0;;;;;;;;;;
Electriques;0;0;0;0;0;0;0;0;0;0;0;0;0;0;0;0;0;0;0;;;;;;;;;;
Ensemble des véhicules;15138;14020;12428;10999;9872;8475;7199;6240;5178;4492;4086;3447;3027;2676;2348;2223;2021;1871;1690;;;;;;;;;;
Diesel;2462;2381;2278;2166;2096;2057;1952;1798;1545;1367;1346;1191;1054;904;777;696;597;529;441;;;;;;;;;;
Essence;12676;11639;10150;8833;7776;6418;5247;4442;3633;3125;2740;2255;1974;1772;1571;1527;1424;1342;1249;;;;;;;;;;
Autres;0;0;0;0;0;0;0;0;0;0;0;0;0;0;0;0;0;0;0;;;;;;;;;;
;;;;;;;;;;;;;;;;;;;;;;;;;;;;;
Source : Citepa,  avril 2020 - Format Secten;;;;;;;;;;;;;;;;;;;;;;;;;;;;;
