"",Rang,Immatri-,Pénétration
"",,culations,
"",,Unités,%
Peugeot 206,1,211 226,"9,4"
Renault Clio,2,189 472,"8,4"
Renault Mégane,3,175 053,"7,8"
Citroën Xsara,4,146 585,"6,5"
Renault Laguna,5,99 247,"4,4"
Peugeot 307,6,86 213,"3,8"
Renault Twingo,7,78 891,"3,5"
Citroën Saxo,8,69 134,"3,1"
Peugeot 406,9,66 186,"2,9"
Volkswagen Golf,10,61 506,"2,7"
Volkswagen Polo,11,51 986,"2,3"
Fiat Punto,12,48 725,"2,2"
Opel Corsa,13,47 586,"2,1"
Citroën C5,14,39 446,"1,7"
Ford Focus,15,38 741,"1,7"
Opel Zafira,16,37 550,"1,7"
Peugeot 106,17,32 788,"1,5"
Peugeot 306,18,31 969,"1,4"
Opel Astra,19,28 985,"1,3"
Ford Fiesta,20,28 132,"1,2"
Volkswagen Passat,21,27 510,"1,2"
Renault Espace,22,27 231,"1,2"
Ford Mondeo,23,26 767,"1,2"
Renault Kangoo,24,25 953,"1,2"
Toyota Yaris,25,24 531,"1,1"
