"",Rang,Immatri-,Pénétration
"",,culations,
"",,Unités,%
Renault Clio,1,188 210,"8,8"
Peugeot 206,2,181 929,"8,5"
Renault  Mégane,3,158 486,"7,4"
Peugeot 307,4,154 986,"7,2"
Citroën Xsara,5,126 096,"5,9"
Renault Laguna,6,95 118,"4,4"
Renault Twingo,7,67 588,"3,2"
Volkswagen Golf,8,54 925,"2,6"
Citroen C3,9,45 398,"2,1"
Citroën C5,10,44 333,"2,1"
Citroen Saxo,11,43 158,"2,0"
Peugeot 406,12,42 985,"2,0"
Opel Zafira,13,40 217,"1,9"
Volkswagen Polo,14,38 837,"1,8"
Opel Corsa,15,37 912,"1,8"
Fiat  Punto,16,36 689,"1,7"
Ford Focus,17,34 927,"1,6"
Ford Fiesta,18,30 636,"1,4"
Renault Kangoo,19,27 860,"1,3"
Volkswagen Passat,20,26 825,"1,3"
Toyota Yaris,21,25 613,"1,2"
Opel Astra,22,24 900,"1,2"
Renault Espace,23,23 857,"1,1"
BMW Série 3,24,22 761,"1,1"
Ford Mondeo,25,20 325,"0,9"
