Rang,Marque,Modèle,Volume,Marché %
1,Renault,Mégane,223274,"11,1"
2,Peugeot,206,151250,"7,5"
3,Renault,Clio,137547,"6,8"
4,Peugeot,307,133956,"6,7"
5,Citroën,C3,88875,"4,3"
6,Citroën,Xsara,75799,"3,8"
7,Ford,Focus,48782,"2,4"
8,Renault,Twingo,47699,"2,4"
9,Renault,Laguna,47114,"2,3"
10,Volkswagen,Golf,42704,"2,1"
11,Peugeot,407,37211,"1,8"
12,Renault,Modus,31946,"1,6"
13,Citroën,C2,31332,"1,6"
14,Volkswagen,Polo,29878,"1,5"
15,Ford,Fiesta,29340,"1,5"
16,Toyota,Yaris,28716,"1,4"
17,Citroën,C5,27587,"1,4"
18,Opel,Mariva,25962,"1,3"
19,Renault,Kangoo,25818,"1,3"
20,Opel,Corsa,24905,"1,2"
21,Renault,Espace,24530,"1,2"
22,Opel,Zafra,24519,"1,2"
23,Volkswagen,Touran,22233,"1,1"
24,Opel,Astra,20912,1
25,Citroën,Berlingo,19203,1
