Rang,Marque,Modèle,Volume,% marché
1,Renault,Clio,169 376,"8,5"
2,Renault,Mégane,160 665,"8,0"
3,Peugeot,206-207,142 780,"7,1"
4,Peugeot,307,97 297,"4,9"
5,Citroën,C3,70 246,"3,5"
6,Citroën,C4,60 185,"3,0"
7,Peugeot,407,54 646,"2,7"
8,Ford,Focus,40 646,"2,0"
9,Renault,Twingo,38 133,"1,9"
10,Volkswagen,Golf,37 052,"1,9"
11,Citroën,Xsara,35 337,"1,8"
12,Volkswagen,Polo,31 192,"1,6"
13,Renault,Laguna,29 380,"1,5"
14,Ford,Fiesta,29 294,"1,5"
15,Renault,Modus,27 855,"1,4"
16,Toyota,Yaris,27 792,"1,4"
50  %17,"4O4,p3 e%l",Zafira,26 255,"1,3"
40  %18,Fiat,Punto,24 301,"1,2"
30  %19,Volkswagen,Passat,24 184,"1,2"
20  %20,Volkswagen,Touran,24 159,"1,2"
10  %21,Opel,Corsa,23 775,"1,2"
0  %22,Citroën,C1,23 474,"1,2"
23,AllemagTnoe yota,Corolla,23 381,"1,2"
24,1990Peugeot,107,22 127,"1,1"
25,Citroën,C2,22 059,"1,1"
26,Opel,Astra,21 604,"1,1"
27,Renault,Kangoo,21 423,"1,1"
28,Citroën,C5,21 174,"1,1"
29,2006Opel,Meriva,18 782,"0,9"
30,2005Dacia,Logan,18 742,"0,9"
