DE VOITURES PARTICULIÈRES NEUVES EN 2007,
Rang Marque Modèle Volume,% marché
1 Peugeot 206-207 165 682,"8,0"
2 Renault Mégane 155 336,"7,5"
3 Renault Clio 145 345,"7,0"
4 Citroën C4-Xsara 138 822,"6,7"
5 Peugeot 307-308 84 250,"4,1"
6 Citroën C3 61 522,"3,0"
7 Renault Twingo 52 134,"2,5"
8 Peugeot 407 41 710,"2,0"
9 Ford Focus 40 652,"2,0"
10 Volkswagen Golf 39 559,"1,9"
11 Opel Corsa 33 908,"1,6"
12 Dacia Logan 32 635,"1,6"
13 Volkswagen Polo 31 835,"1,5"
14 Toyota Yaris 31 244,"1,5"
15 Ford Fiesta 30 583,"1,5"
16 Renault Laguna 29 937,"1,5"
17 Volkswagen Touran 25 737,"1,2"
18 Volkswagen Passat 22 100,"1,1"
19 Renault Modus 21 160,"1,0"
20 Opel Zafira 21 101,"1,0"
21 Peugeot 107 20 949,"1,0"
22 Fiat Punto 20 040,"1,0"
23 BMW Série 3 19 381,"0,9"
24 Opel Astra 18 358,"0,9"
25 Opel Meriva 18 268,"0,9"
26 Toyota Corolla 18 073,"0,9"
27 Citroën C1 18 009,"0,9"
28 Citroën C2 17 283,"0,8"
29 Audi A3 16 934,"0,8"
30 Seat Ibiza 16 455,"0,8"
