Rang Marque,Modèle,Volume,,% marché,Rang,,Marque,,Modèle,Volume,% marché
1 Peugeot,206-207,167 931,,"8,2",16,,Toyota,,Yaris,30 430,"1,5"
2 Renault,Clio,152 578,,"7,4",17,,Peugeot,,107,26 758,"1,3"
3 Citroën,C4-Xsara,137 026,,"6,7",18,,Peugeot,,407,25 789,"1,3"
4 Renault,Mégane,121 062,,"5,9",19,,Citroën,,C5,25 697,"1,3"
5 Peugeot,307-308,92 266,,"4,5",20,,Citroën,,C1,25 009,"1,2"
6 Renault,Twingo,65 333,,"3,2",21,,Fiat,,Punto,22 759,"1,1"
7 Citroën,C3,60 136,,"2,9",22,,Renault,,Kangoo,21 501,"1,0"
8 Ford,Focus,42 106,,"2,1",23,,Fiat,,500,21 451,"1,0"
9 Volkswagen,Polo,41 491,,"2,0",24,,Volkswagen,,Passat,19 730,"1,0"
10 Volkswagen,Golf,41 228,,"2,0",25,,Citroën,,C2,19 233,"0,9"
11 Ford,Fiesta,38 070,,"1,9",26,,Volkswagen,,Touran,19 193,"0,9"
12 Opel,Corsa,35 373,,"1,7",27,,Mini,,Mini,18 999,"0,9"
13 Renault,Modus,35 034,,"1,7",28,,Seat,,Ibiza,18 385,"0,9"
14 Dacia,Logan,34 095,,"1,7",29,,Nissan,,Qashqai,17 861,"0,9"
15 Renault,Laguna,33 011,,"1,6",30,,BMW,,Série 3,17 830,"0,9"
"",,,,,,,,,,,Source : CCFA
IMMaTrIcuLaTIonS De voITureS neuveS par gaMMe,,,,,,,,,,,
"",,,,,,(1),,(1),,,
