Rang,Marque,Modèle,Marché %
1,Peugeot,206-207,"8,2"
2,Renault,Mégane,"6,9"
3,Renault,Clio,"6,5"
4,Citroën,C4-Xsara,"4,9"
5,Renault,Twingo,"4,7"
6,Citroën,C3,"4,7"
7,Peugeot,307-308,"3,9"
8,Ford,Fiesta,"2,2"
9,Volkswagen,Golf,2
10,Volkswagen,Polo,"1,9"
11,Citroën,C1,"1,8"
12,Dacia,Sandero,"1,7"
13,Peugeot,107,"1,7"
14,Renault,Modus,"1,6"
15,Ford,Focus,"1,6"
16,Opel,Corsa,"1,6"
17,Citroën,C5,"1,4"
18,Toyota,Yaris,"1,3"
19,Fiat,500,"1,1"
20,Renault,Laguna,"1,1"
21,Seat,Ibiza,1
22,Fiat,Punto,1
23,Peugeot,3008,1
24,Dacia,Logan,"0,9"
25,Renault,Kangoo,"0,9"
26,Fiat,Panda,"0,9"
27,Nissan,Qashqai,"0,9"
28,Citroën,C2,"0,9"
29,Citroën,Berlingo,"0,8"
30,Mini,Mini,"0,8"
