Rang Marque,Modèle,% marché,Rang Marque,Modèle,% marché,,,,,,,,
"",,,,,,,,,,,,,r
1 a2 Peugeot Renault,206-207 Clio,"8,1 7,2",16  17 Renault Citroën,C5 Modus,"1,2 1,2",de,s,vo,itu im,,m,,
3 Renault,Mégane,"6,9",18 Peugeot,5008,"1,2",p art uv,es,,10,,a,p,
4 Citroën,C3,"5,8",e19 Citroën,DS3,"1,2",n en,20,,a g,,a,,
5 Renault,Twingo,"4,1",20 Ford,Focus,"1,1",,à l,,,,,,
6 Citroën,C4-Xsara,"3,7",21 Nissan,Qashqai,"1,1",,,,,,,,
7 Dacia,Sandero,"3,0",22 Renault,Laguna,"1,0",,,,,,,,
8 Peugeot,308,"2,8",23 Fiat,500,"1,0",,,,,,,,
9 Peugeot,3008,"2,2",24 Fiat,Panda,"0,9",57 %,,,,,,,
10 Volkswagen,Polo,"2,2",25 Fiat,Punto,"0,9",,,,,,,,
11 Ford,Fiesta,"2,0",26 Dacia,Duster,"0,9",,,,,,,,
12 Volkswagen,Golf,"1,9",27 Seat,Ibiza,"0,8",,,,,,,,
13 Opel,Corsa,"1,7",28 Toyota,Yaris,"0,8",,,,,,,,
14 Peugeot,107,"1,5",29 Renault,Kangoo,"0,8",,,,,,,,
15 Citroën,C1,"1,4",30 Mini,Mini,"0,8",,,,,,,,
"",,,,,Source : CCFA.,,,,,,,,
immATRiCuLATionS de voiTuReS neuveS PAR gAmme,,,,,,,,,,,,,
