Rang Marque,Modèle,% marché,Rang,,Marque,Modèle,% marché,Rang,Marque,Modèle,% marché
1 Renault,Clio,"6,8",11,,Ford,Fiesta,"2,0",21,Renault,Laguna,"1,1"
2 Renault,Mégane,"7,0",12,,Volkswagen,Golf,"2,0",22,Citroën,C1,"1,0"
3 Peugeot,206-207,"6,7",13,,Opel,Corsa,"1,8",23,Mini,Mini,"1,0"
4 Citroën,C3,"5,0",14,,Citroën,DS3,"1,5",24,Toyota,Yaris,"1,0"
5 Citroën,C4,"4,2",15,,Nissan,Qashqai,"1,3",25,Seat,Ibiza,"1,0"
6 Renault,Twingo,"3,1",16,,Peugeot,508,"1,3",26,Nissan,Juke,"0,9"
7 Peugeot,308,"2,8",17,,Peugeot,5008,"1,3",27,Fiat,500,"0,8"
8 Volkswagen,Polo,"2,4",18,,Dacia,Sandero,"1,2",28,Peugeot,107,"0,8"
9 Peugeot,3008,"2,4",19,,Renault,Modus,"1,2",29,Ford,Focus,"0,8"
10 Dacia,Duster,"2,3",20,,Citroën,C5,"1,2",30,Volkswagen,Passat,"0,8"
Source : CCFA.,,,,,,,,,,,
immaTRicULaTiOnS dE vOiTURES nEUvES PaR gammE,,,,,,,,,,,
Gammes,,1990,,2000,,2009,,2010,2011,,
,unités,%,unités,%,unités,%,unités,%,unités %,,
