Rang,Marque,Modèle,Marché %
1,Peugeot,206-207-208,"6,9"
2,Renault,Clio,"6,3"
3,Renault,Mégane,"6,2"
4,Citroën,C3,"4,5"
5,Citroën,C4,"3,9"
6,Peugeot,308,"2,4"
7,Volkswagen,Polo,"2,3"
8,Peugeot,3008,"2,3"
9,Renault,Twingo,"2,1"
10,Volkswagen,Golf,2
11,Dacia,Duster,"1,8"
12,Ford,Fiesta,"1,7"
13,Nissan,Qashqai,"1,6"
14,Opel,Corsa,"1,4"
15,Dacia,Sandero,"1,4"
16,Peugeot,508,"1,4"
17,Citroën,DS3,"1,3"
18,Toyota,Yaris,"1,3"
19,Volkswagen,Tiguan,"1,2"
20,Peugeot,5008,"1,2"
21,Mini,Mini,"1,1"
22,Nissan,Juke,"1,1"
23,Renault,Modus,1
24,Fiat,500,"0,9"
25,Citroën,C5,"0,9"
26,Ford,C-max,"0,8"
27,Volkswagen,Touran,"0,8"
28,Renault,Laguna,"0,8"
29,Seat,Ibiza,"0,8"
30,Audi,A1,"0,7"
