Rang,Marque,Modèle,Marché %
1,Renault,Clio,"6,9"
2,Peugeot,206-207-208,"6,6"
3,Renault,Mégane,"5,3"
4,Citroën,C3,"4,3"
5,Citroën,C4,"4,3"
6,Dacia,Sandero ,"2,4"
7,Volkswagen,Golf,"2,2"
8,Renault,Captur,"2,2"
9,Volkswagen,Polo,"2,2"
10,Renault,Twingo,"2,2"
11,Peugeot,308,"2,2"
12,Peugeot,3008,"2,1"
13,Toyota,Yaris,"1,6"
14,Nissan,Qashqai,"1,6"
15,Peugeot,2008,"1,6"
16,Fiat,500,"1,6"
17,Ford,Fiesta,"1,5"
18,Dacia,Duster,"1,4"
19,Citroën,DS3,"1,3"
20,Peugeot,508,"1,2"
21,Opel,Corsa,"1,2"
22,Nissan,Juke,"1,1"
23,Volkswagen,Tiguan,"1,1"
24,Mini,Mini,"1,1"
25,Peugeot,5008,"1,0"
26,Audi,A3,"0,8"
27,Mercedes,Classe A,"0,8"
28,Volkswagen,Touran,"0,7"
29,BMW,Série 1,"0,7"
30,BMW,Série 5,"0,7"
