rang,marque,modèle,% marché
1,renault,clio,"6,4"
2,renault,mégane,"5,2"
3,Peugeot,206-207-208,"5,1"
4,citroën,c3,"4,3"
5,citroën,c4,"4,0"
6,Peugeot,308,"3,6"
7,renault,captur,"3,5"
8,Peugeot,2008,"3,0"
9,dacia,sandero,"2,5"
10,Volkswagen,Golf,"2,4"
11,renault,twingo,"2,3"
12,Volkswagen,Polo,"2,2"
13,dacia,duster,"2,2"
14,Peugeot,3008,"2,1"
15,Fiat,500,"1,7"
16,Nissan,Qashqai,"1,7"
17,Toyota,Yaris,"1,5"
18,Ford,Fiesta,"1,4"
19,Ford,Focus,"1,2"
20,Opel,Corsa,"1,0"
21,Peugeot,508,"1,0"
22,Mini,Mini,"1,0"
23,Volkswagen,Tiguan,"1,0"
24,ds,ds3,"1,0"
25,Audi,A3,"0,9"
26,Nissan,Juke,"0,9"
27,Opel,Mokka,"0,9"
28,Peugeot,5008,"0,8"
29,Toyota,Auris,"0,7"
30,citroën,c1,"0,7"
