rang,marque,modèle,% marché
1,Renault,Clio,"5,7"
2,Peugeot,208,"4,7"
3,Renault,Megane,"4,6"
4,Peugeot,308,"4,0"
5,Citroën,C3,"3,8"
6,Renault,Captur,"3,8"
7,Citroën,C4,"3,6"
8,Peugeot,2008,"3,3"
9,Renault,Twingo,"2,4"
10,Dacia,Sandero,"2,4"
11,Volkswagen,Golf,
12,Volkswagen,Polo,
13,Fiat,500,
14,Dacia,Duster,"1,8"
15,Peugeot,3008,"1,8"
16,Toyota,Yaris,
17,Nissan,Qashqai,
18,Ford,Fiesta,
19,Mini,Mini,
20,Peugeot,508,"1,1"
21,Renault,Kadjar,"1,1"
22,Opel,Corsa,
23,Citroën,C4 Cactus,"1,1"
24,Ford,Focus,
25,Opel,Mokka,
26,DS,DS3,"0,9"
27,Nissan,Juke,
28,Peugeot,108,"0,8"
29,Audi,A3,
30,Volkswagen,Tiguan,
