Rang,marque,modèle,% marché
1,Renault,Clio,"5,6"
2,Peugeot,208,"4,9"
3,Renault,megane,"4,5"
4,Peugeot,308,"3,7"
5,Citroën,C3,"3,7"
6,Renault,Captur,"3,5"
7,Peugeot,2008,"3,3"
8,Citroën,C4,"3,2"
9,Dacia,Sandero,"2,8"
10,Fiat,500,"2,2"
11,Volkswagen,Golf,"2,1"
12,Renault,Twingo,"2,0"
13,Volkswagen,Polo,"2,0"
14,Peugeot,3008,"1,9"
15,Renault,Kadjar,"1,9"
16,Dacia,Duster,"1,8"
17,Toyota,Yaris,"1,5"
18,mini,mini,"1,2"
19,Nissan,qashqai,"1,2"
20,Ford,Fiesta,"1,2"
21,opel,Corsa,"1,0"
24,Citroën,C4 Cactus,"1,0"
22,Volkswagen,Tiguan,"1,0"
23,Peugeot,508,"0,9"
25,opel,mokka,"0,9"
26,Ford,Focus,"0,9"
27,DS,DS3,"0,8"
28,Audi,A3,"0,8"
29,Volkswagen,Touran,"0,8"
30,Renault,Talisman,"0,8"
"",,
"",,
"",,
"",,
"",,
"",,
""
""
""
"",,
"",,
"",,
"",,
"",,
"",,
"",,
"",,
"",,
"",,
"",,
""
