Rang,Marque (1),Modèle,% marché
1,Renault,Clio,"5,6"
2,Renault,Megane,"4,7"
3,Peugeot,208,"4,6"
4,Citroën,C3,"3,8"
5,Peugeot,3008,"3,5"
6,Renault,Captur,"3,3"
7,Peugeot,2008,"3,2"
8,Peugeot,308,"3,1"
9,Dacia,Sandero,"2,9"
10,Citroën,C4,"2,8"
11,Fiat,500,"2,0"
12,Renault,Twingo,"1,8"
13,Volkswagen,Polo,"1,8"
14,Volkswagen,Golf,"1,8"
15,Dacia,Duster,"1,8"
16,Renault,Kadjar,"1,5"
17,Toyota,Yaris,"1,5"
18,Nissan,Qashqai,"1,3"
19,Mini,Mini,"1,3"
20,Volkswagen,Tiguan,"1,2"
21,Opel,Corsa,"1,1"
24,Ford,Fiesta,"1,0"
22,Peugeot,5008,"0,9"
23,Opel,Mokka,"0,8"
25,Peugeot,108,"0,8"
26,Citroën,C4 Cactus,"0,8"
27,Ford,Focus,"0,8"
28,Toyota,C-HR,"0,8"
29,Renault,ZOE,"0,7"
30,Ford,KUGA,"0,7"
"",
"",
"",
"",
"",
"",
""
"",,
"",,
"",,
"",,
"",,
"",,
"",,
