Rang,Marque (1),Modèle,% marché
1,RENAULT,CLIO,"5,7"
2,PEUGEOT,208,"4,7"
3,RENAULT,MEGANE,"4,0"
4,PEUGEOT,3008,"3,9"
5,CITROËN,C3,"3,6"
6,DACIA,SANDERO,"3,2"
7,RENAULT,CAPTUR,"3,1"
8,PEUGEOT,2008,"3,0"
9,PEUGEOT,308,"2,9"
10,DACIA,DUSTER,"2,4"
11,FIAT,500,"2,2"
12,RENAULT,TWINGO,"2,1"
13,CITROËN,C3 AIRCR.,"2,0"
14,VOLKSWAGEN,POLO,"1,7"
15,TOYOTA,YARIS,"1,7"
16,CITROËN,C4,"1,7"
17,VOLKSWAGEN,GOLF,"1,5"
18,PEUGEOT,5008,"1,4"
19,MINI,MINI,"1,3"
20,RENAULT,KADJAR,"1,3"
21,OPEL,CORSA,"1,2"
24,VOLKSWAGEN,TIGUAN,"1,2"
22,FORD,FIESTA,"1,2"
23,NISSAN,QASHQAI,"1,1"
25,PEUGEOT,108,"1,0"
26,TOYOTA,C-HR,"0,9"
27,CITROËN,C4 CACTUS,"0,9"
28,CITROËN,C1,"0,8"
29,RENAULT,ZOE,"0,8"
30,VOLKSWAGEN,T-ROC,"0,8"
